Date,Myfund (Price),Myfund (Change),BTC-EUR (Price),BTC-EUR (Change),BTC-EUR (Change),Risk,Gold (Price),Gold (Change),SPX-500 (Price),SPX-500 (Change)
2018-12-17,1,1,"3,116.30",8.83%,0.09,8.83,"1,317.40",0.80%,"2,545.94",-2.08%
2018-12-18,1.025792,2.5792,"3,250.80",4.31%,0.04,4.31,"1,318.50",0.08%,"2,546.16",0.01%
2018-12-19,1.021829,-0.38634,"3,259.60",0.27%,0.00,0.27,"1,321.30",0.21%,"2,506.96",-1.54%
2018-12-20,1.035229,1.311374,"3,586.50",10.03%,0.10,10.03,"1,333.10",0.89%,"2,467.42",-1.58%
2018-12-21,1.025792,-0.91159,"3,409.10",-4.95%,-0.05,-4.95,"1,323.10",-0.75%,"2,416.62",-2.06%
2018-12-22,1.025792,0,"3,530.70",3.57%,0.0357,3.57,,,,
2018-12-23,1.016708,-0.88556,"3,507.10",-0.67%,-0.0067,-0.67,,,,
2018-12-24,1.090335,7.241706,"3,568.80",1.76%,0.02,1.76,"1,337.00",1.05%,"2,351.10",-2.71%
2018-12-25,1.009477,-7.41589,"3,353.10",-6.04%,-0.06,-6.04,"1,270.65",-4.96%,,
2018-12-26,1.02526,1.563483,"3,393.20",1.20%,0.01,1.20,"1,343.00",5.32%,"2,467.70",4.96%
2018-12-27,1.021572,-0.35971,"3,179.40",-6.30%,-0.06,-6.30,"1,346.50",0.61%,"2,488.83",0.86%
2018-12-28,1.070198,4.759919,"3,440.50",8.21%,0.08,8.21,"1,348.30",0.13%,"2,485.74",-0.12%
2018-12-29,1.073075,0.268829,"3,303.50",-3.98%,-0.0398,-3.98,,,,
2018-12-30,1.08738,1.333085,"3,403.30",3.02%,0.0302,3.02,,,,
2018-12-31,1.036922,-4.64033,"3,256.50",-4.31%,-0.04,-4.31,"1,347.10",-0.09%,"2,506.85",0.85%
2019-01-01,1.094844,5.585955,"3,380.60",3.81%,0.04,3.81,"1,282.85",-4.73%,,
2019-01-02,1.205479,10.10509,"3,476.40",2.83%,0.03,2.83,"1,349.50",5.15%,"2,510.03",0.13%
2019-01-03,1.15953,-3.81168,"3,349.70",-3.64%,-0.04,-3.64,"1,359.80",0.76%,"2,447.89",-2.48%
2019-01-04,1.201825,3.647599,"3,389.90",1.20%,0.01,1.20,"1,351.80",-0.65%,"2,531.94",3.43%
2019-01-05,1.210066,0.685707,"3,369.00",-0.62%,-0.0062,-0.62,,,,
2019-01-06,1.226471,1.355711,"3,571.70",6.01%,0.0601,6.01,,,,
2019-01-07,1.248421,1.789688,"3,521.70",-1.40%,-0.01,-1.40,"1,355.20",0.31%,"2,549.69",0.70%
2019-01-08,1.2679,1.560291,"3,519.90",-0.05%,0.00,-0.05,"1,351.10",-0.30%,"2,574.41",0.97%
2019-01-09,1.275642,0.610616,"3,493.80",-0.74%,-0.01,-0.74,"1,357.30",0.46%,"2,584.96",0.41%
2019-01-10,1.297121,1.68378,"3,178.60",-9.02%,-0.09,-9.02,"1,353.00",-0.32%,"2,596.64",0.45%
2019-01-11,1.29084,-0.48423,"3,192.60",0.44%,0.00,0.44,"1,355.40",0.18%,"2,596.26",-0.01%
2019-01-12,1.297328,0.502618,"3,195.60",0.10%,0.001,0.1,,,,
2019-01-13,1.299759,0.187385,"3,089.30",-3.33%,-0.0333,-3.33,,,,
2019-01-14,1.29384,-0.45539,"3,215.80",4.09%,0.04,4.09,"1,357.20",0.13%,"2,582.61",-0.53%
2019-01-15,1.293632,-0.01608,"3,165.00",-1.58%,-0.02,-1.58,"1,353.70",-0.26%,"2,610.30",1.07%
2019-01-16,1.296631,0.231828,"3,185.90",0.66%,0.01,0.66,"1,359.30",0.41%,"2,616.10",0.22%
2019-01-17,1.298256,0.125325,"3,209.60",0.74%,0.01,0.74,"1,357.90",-0.10%,"2,635.96",0.76%
2019-01-18,1.294908,-0.25788,"3,196.80",-0.40%,0.00,-0.40,"1,348.10",-0.72%,"2,670.71",1.32%
2019-01-19,1.294927,0.001467,"3,274.80",2.44%,0.0244,2.44,,,,
2019-01-20,1.291738,-0.24627,"3,136.60",-4.22%,-0.04,-4.22,"1,280.50",-4.90%,,
2019-01-21,1.291982,0.018889,"3,128.90",-0.24%,0.00,-0.24,"1,276.15",-0.23%,,
2019-01-22,1.29558,0.278487,"3,167.70",1.24%,0.01,1.24,"1,348.40",5.42%,"2,632.90",-1.42%
2019-01-23,1.294462,-0.08629,"3,137.40",-0.96%,-0.01,-0.96,"1,349.30",0.07%,"2,638.70",0.22%
2019-01-24,1.293693,-0.05941,"3,186.10",1.55%,0.02,1.55,"1,344.90",-0.33%,"2,642.33",0.14%
2019-01-25,1.295311,0.125068,"3,140.50",-1.43%,-0.01,-1.43,"1,360.00",1.42%,"2,664.76",0.85%
2019-01-26,1.296252,0.072647,"3,148.90",0.27%,0.0027,0.27,,,,
2019-01-27,1.299911,0.282275,"3,127.60",-0.68%,-0.0068,-0.68,,,,
2019-01-28,1.291585,-0.64051,"3,019.50",-3.46%,-0.03,-3.46,"1,369.80",0.43%,"2,643.85",-0.78%
2019-01-29,1.293118,0.118691,"2,989.00",-1.01%,-0.01,-1.01,"1,375.60",0.42%,"2,640.00",-0.15%
2019-01-30,1.291426,-0.13085,"3,026.50",1.26%,0.01,1.26,"1,377.60",0.02%,"2,681.05",1.55%
2019-01-31,1.295604,0.323518,"2,995.70",-1.02%,-0.01,-1.02,"1,384.00",0.59%,"2,704.10",0.86%
2019-02-01,1.290308,-0.40877,"3,031.90",1.21%,0.01,1.21,"1,382.60",-0.21%,"2,706.53",0.09%
2019-02-02,1.294425,0.319071,"3,054.40",0.74%,0.0074,0.74,,,,
2019-02-03,1.299282,0.375225,"2,991.80",-2.05%,-0.0205,-2.05,,,,
2019-02-04,1.292104,-0.55246,"3,010.60",0.63%,0.01,0.63,"1,378.30",-0.20%,"2,724.87",0.68%
2019-02-05,1.298854,0.522404,"3,027.50",0.56%,0.01,0.56,"1,378.60",0.02%,"2,737.70",0.47%
2019-02-06,1.297302,-0.11949,"2,991.80",-1.18%,-0.01,-1.18,"1,373.80",-0.35%,"2,731.61",-0.22%
2019-02-07,1.294053,-0.25044,"2,976.10",-0.52%,-0.01,-0.52,"1,373.60",-0.01%,"2,706.05",-0.94%
2019-02-08,1.290027,-0.31112,"3,220.50",8.21%,0.08,8.21,"1,377.80",0.31%,"2,707.88",0.07%
2019-02-09,1.291396,0.106122,"3,219.90",-0.02%,-0.0002,-0.02,,,,
2019-02-10,1.297407,0.465465,"3,262.70",1.33%,0.0133,1.33,,,,
2019-02-11,1.297388,-0.00146,"3,224.00",-1.19%,-0.01,-1.19,"1,371.20",-0.48%,"2,709.80",0.07%
2019-02-12,1.29825,0.066441,"3,186.00",-1.18%,-0.01,-1.18,"1,373.20",0.15%,"2,744.73",1.29%
2019-02-13,1.298079,-0.01317,"3,199.30",0.42%,0.00,0.42,"1,374.60",0.10%,"2,753.03",0.30%
2019-02-14,1.298158,0.006086,"3,184.40",-0.47%,0.00,-0.47,"1,373.20",-0.10%,"2,745.73",-0.27%
2019-02-15,1.29423,-0.30258,"3,188.00",0.11%,0.00,0.11,"1,381.20",0.58%,"2,775.60",1.09%
2019-02-16,1.294151,-0.0061,"3,211.20",0.73%,0.0073,0.73,,,,
2019-02-17,1.29871,0.352277,"3,248.40",1.16%,0.01,1.16,"1,323.85",-4.12%,,
2019-02-18,1.295895,-0.21675,"3,444.50",6.04%,0.06,6.04,"1,324.05",0.40%,,
2019-02-19,1.290064,-0.44996,"3,459.50",0.44%,0.00,0.44,"1,403.90",5.59%,"2,779.76",0.15%
2019-02-20,1.292718,0.205726,"3,509.50",1.45%,0.01,1.45,"1,406.70",0.20%,"2,784.70",0.18%
2019-02-21,1.296128,0.263785,"3,476.90",-0.93%,-0.01,-0.93,"1,388.00",-1.39%,"2,774.88",-0.35%
2019-02-22,1.299142,0.232539,"3,513.10",1.04%,0.01,1.04,"1,392.50",0.38%,"2,792.67",0.64%
2019-02-23,1.294635,-0.34692,"3,657.00",4.10%,0.041,4.1,,,,
2019-02-24,1.296203,0.121115,"3,326.10",-9.05%,-0.0905,-9.05,,,,
2019-02-25,1.297069,0.066811,"3,382.20",1.69%,0.02,1.69,"1,389.00",-0.25%,"2,796.11",0.12%
2019-02-26,1.293619,-0.26598,"3,352.00",-0.89%,-0.01,-0.89,"1,387.90",-0.08%,"2,793.90",-0.08%
2019-02-27,1.29838,0.368037,"3,361.00",0.27%,0.00,0.27,"1,380.50",-0.53%,"2,792.38",-0.05%
2019-02-28,1.293201,-0.39888,"3,365.50",0.13%,0.00,0.13,"1,374.00",-0.38%,"2,784.49",-0.28%
2019-03-01,1.290791,-0.18636,"3,371.70",0.18%,0.00,0.18,"1,358.30",-1.24%,"2,803.69",0.69%
2019-03-02,1.293453,0.20623,"3,393.60",0.65%,0.0065,0.65,,,,
2019-03-03,1.298214,0.368084,"3,371.40",-0.66%,-0.0066,-0.66,,,,
2019-03-04,1.293383,-0.37213,"3,291.50",-2.37%,-0.02,-2.37,"1,346.30",-0.88%,"2,792.81",-0.39%
2019-03-05,1.29152,-0.14404,"3,422.70",3.99%,0.04,3.99,"1,343.50",-0.21%,"2,789.65",-0.11%
2019-03-06,1.299061,0.583886,"3,424.40",0.05%,0.00,0.05,"1,346.50",0.22%,"2,771.45",-0.65%
2019-03-07,1.293152,-0.45487,"3,461.80",1.09%,0.01,1.09,"1,344.90",-0.12%,"2,748.93",-0.81%
2019-03-08,1.290606,-0.19688,"3,446.00",-0.46%,0.00,-0.46,"1,358.50",1.01%,"2,743.07",-0.21%
2019-03-09,1.292686,0.161165,"3,510.30",1.87%,0.0187,1.87,,,,
2019-03-10,1.293279,0.045873,"3,493.00",-0.49%,-0.0049,-0.49,,,,
2019-03-11,1.290498,-0.21503,"3,444.90",-1.38%,-0.01,-1.38,"1,350.00",-0.63%,"2,783.30",1.47%
2019-03-12,1.295241,0.367533,"3,443.10",-0.05%,0.00,-0.05,"1,356.60",0.49%,"2,791.52",0.30%
2019-03-13,1.296067,0.063772,"3,410.40",-0.95%,-0.01,-0.95,"1,368.10",0.85%,"2,810.92",0.69%
2019-03-14,1.299565,0.269893,"3,431.80",0.63%,0.01,0.63,"1,352.90",-1.11%,"2,808.48",-0.09%
2019-03-15,1.290509,-0.69685,"3,463.40",0.92%,0.01,0.92,"1,360.60",0.57%,"2,822.48",0.50%
2019-03-16,1.297128,0.512898,"3,554.20",2.62%,0.0262,2.62,,,,
2019-03-17,1.298469,0.103382,"3,544.70",-0.27%,-0.0027,-0.27,,,,
2019-03-18,1.293571,-0.37721,"3,521.90",-0.64%,-0.01,-0.64,"1,359.40",-0.09%,"2,832.94",0.37%
2019-03-19,1.292512,-0.08187,"3,551.00",0.83%,0.01,0.83,"1,364.70",0.39%,"2,832.57",-0.01%
2019-03-20,1.293833,0.102204,"3,550.10",-0.03%,0.00,-0.03,"1,359.50",-0.38%,"2,824.23",-0.29%
2019-03-21,1.292346,-0.11493,"3,514.20",-1.01%,-0.01,-1.01,"1,364.50",0.37%,"2,854.88",1.09%
2019-03-22,1.296544,0.324836,"3,538.70",0.70%,0.01,0.70,"1,368.20",0.35%,"2,800.71",-1.90%
2019-03-23,1.294785,-0.13567,"3,535.80",-0.08%,-0.0008,-0.08,,,,
2019-03-24,1.295067,0.02178,"3,550.20",0.41%,0.0041,0.41,,,,
2019-03-25,1.299828,0.367626,"3,472.70",-2.18%,-0.02,-2.18,"1,378.10",0.64%,"2,798.36",-0.08%
2019-03-26,1.293171,-0.51214,"3,491.30",0.54%,0.01,0.54,"1,369.30",-0.64%,"2,818.46",0.72%
2019-03-27,1.296166,0.231601,"3,586.30",2.72%,0.03,2.72,"1,363.80",-0.40%,"2,805.37",-0.46%
2019-03-28,1.293959,-0.17027,"3,588.20",0.06%,0.00,0.06,"1,342.20",-1.57%,"2,815.44",0.36%
2019-03-29,1.297906,0.305033,"3,661.30",2.04%,0.02,2.04,"1,354.10",0.27%,"2,834.40",0.67%
2019-03-30,1.294718,-0.24563,"3,665.00",0.10%,0.001,0.1,,,,
2019-03-31,1.290209,-0.34826,"3,665.40",0.01%,0.0001,0.01,,,,
2019-04-01,1.292697,0.192837,"3,707.50",1.15%,0.01,1.15,"1,342.70",-0.25%,"2,867.19",1.16%
2019-04-02,1.294753,0.159047,"4,382.30",18.20%,0.18,18.20,"1,340.80",0.09%,"2,867.24",0.00%
2019-04-03,1.295316,0.043483,"4,428.10",1.05%,0.01,1.05,"1,344.00",0.01%,"2,873.40",0.21%
2019-04-04,1.298804,0.269278,"4,381.30",-1.06%,-0.01,-1.06,"1,343.50",-0.04%,"2,879.39",0.21%
2019-04-05,1.296803,-0.15406,"4,502.70",2.77%,0.03,2.77,"1,345.20",0.13%,"2,892.74",0.46%
2019-04-06,1.290224,-0.50732,"4,516.50",0.31%,0.0031,0.31,,,,
2019-04-07,1.296932,0.51991,"4,651.80",3.00%,0.03,3,,,,
2019-04-08,1.291481,-0.4203,"4,707.70",1.20%,0.01,1.20,"1,351.90",0.50%,"2,895.77",0.10%
2019-04-09,1.299216,0.598925,"4,626.10",-1.73%,-0.02,-1.73,"1,358.40",0.48%,"2,878.20",-0.61%
2019-04-10,1.298779,-0.03364,"4,729.00",2.23%,0.02,2.23,"1,363.90",0.40%,"2,888.21",0.35%
2019-04-11,1.296726,-0.15807,"4,500.10",-4.84%,-0.05,-4.84,"1,356.60",-1.50%,"2,888.32",0.00%
2019-04-12,1.290817,-0.45569,"4,519.00",0.42%,0.00,0.42,"1,346.30",0.22%,"2,907.41",0.66%
2019-04-13,1.299029,0.636186,"4,528.10",0.20%,0.002,0.2,,,,
2019-04-14,1.294919,-0.31639,"4,592.70",1.43%,0.0143,1.43,,,,
2019-04-15,1.296171,0.096686,"4,475.50",-2.55%,-0.03,-2.55,"1,342.40",-0.29%,"2,905.58",-0.06%
2019-04-16,1.293208,-0.2286,"4,626.70",3.38%,0.03,3.38,"1,329.00",-1.07%,"2,907.06",0.05%
2019-04-17,1.297999,0.370474,"4,646.30",0.42%,0.00,0.42,"1,327.60",-0.04%,"2,900.45",-0.23%
2019-04-18,1.321335,1.797844,"4,716.20",1.50%,0.02,1.50,"1,326.90",-0.05%,"2,905.03",0.16%
2019-04-19,1.338272,1.28181,"4,724.40",0.17%,0.00,0.17,"1,277.90",-3.69%,,
2019-04-20,1.337691,-0.04341,"4,750.00",0.54%,0.0054,0.54,,,,
2019-04-21,1.322101,-1.16544,"4,738.40",-0.24%,-0.0024,-0.24,,,,
2019-04-22,1.336251,1.070266,"4,804.60",1.40%,0.01,1.40,"1,328.50",3.96%,"2,907.97",0.10%
2019-04-23,1.332986,-0.24434,"4,952.50",3.08%,0.03,3.08,"1,323.80",-0.35%,"2,933.68",0.88%
2019-04-24,1.289291,-3.27798,"4,902.40",-1.01%,-0.01,-1.01,"1,329.90",0.46%,"2,927.25",-0.22%
2019-04-25,1.250892,-2.9783,"4,645.60",-5.24%,-0.05,-5.24,"1,330.20",0.02%,"2,926.17",-0.04%
2019-04-26,1.235586,-1.22361,"4,676.20",0.66%,0.01,0.66,"1,339.20",0.68%,"2,939.88",0.47%
2019-04-27,1.231758,-0.30981,"4,708.00",0.68%,0.0068,0.68,,,,
2019-04-28,1.222972,-0.71329,"4,710.70",0.06%,0.0006,0.06,,,,
2019-04-29,1.206645,-1.33503,"4,651.00",-1.27%,-0.01,-1.27,"1,331.60",-0.57%,"2,943.03",0.11%
2019-04-30,1.260836,4.491047,"4,735.10",1.81%,0.02,1.81,"1,335.70",0.31%,"2,945.83",0.10%
2019-05-01,1.25034,-0.83246,"4,800.20",1.38%,0.01,1.38,"1,334.20",-0.11%,"2,923.73",-0.75%
2019-05-02,1.260447,0.80834,"4,874.10",1.54%,0.02,1.54,"1,323.00",-0.90%,"2,917.52",-0.21%
2019-05-03,1.305774,3.596105,"5,100.10",4.64%,0.05,4.64,"1,331.70",0.72%,"2,945.64",0.96%
2019-05-04,1.275297,-2.33402,"5,214.30",2.24%,0.0224,2.24,,,,
2019-05-05,1.270787,-0.35364,"5,176.90",-0.72%,-0.0072,-0.72,,,,
2019-05-06,1.342315,5.628638,"5,127.90",-0.95%,-0.01,-0.95,"1,334.00",0.17%,"2,932.47",-0.45%
2019-05-07,1.320157,-1.65073,"5,205.00",1.50%,0.02,1.50,"1,335.80",0.13%,"2,884.05",-1.65%
2019-05-08,1.329099,0.677344,"5,335.30",2.50%,0.03,2.50,"1,338.00",-0.33%,"2,879.42",-0.16%
2019-05-09,1.323967,-0.38613,"5,493.70",2.97%,0.03,2.97,"1,335.10",0.28%,"2,870.72",-0.30%
2019-05-10,1.346125,1.673607,"5,670.00",3.21%,0.03,3.21,"1,337.20",0.16%,"2,881.40",0.37%
2019-05-11,1.510639,12.2213,"6,339.70",11.81%,0.1181,11.81,,,,
2019-05-12,1.456449,-3.58722,"6,206.70",-2.10%,-0.021,-2.1,,,,
2019-05-13,1.530465,5.081949,"6,949.30",11.96%,0.12,11.96,"1,350.20",0.97%,"2,811.87",-2.41%
2019-05-14,1.688293,10.31242,"7,124.10",2.51%,0.03,2.51,"1,343.40",-0.50%,"2,834.41",0.80%
2019-05-15,1.921537,13.81537,"7,310.10",2.61%,0.03,2.61,"1,344.50",0.08%,"2,850.96",0.58%
2019-05-16,2.052619,6.821727,"7,054.10",-3.50%,-0.04,-3.50,"1,333.10",-0.85%,"2,876.32",0.89%
2019-05-17,1.89518,-7.67015,"6,617.60",-6.19%,-0.06,-6.19,"1,322.50",-0.80%,"2,859.53",-0.58%
2019-05-18,1.823963,-3.7578,"6,549.90",-1.02%,-0.0102,-1.02,,,,
2019-05-19,2.031472,11.37682,"7,351.20",12.23%,0.1223,12.23,,,,
2019-05-20,1.958156,-3.60901,"7,173.70",-2.42%,-0.02,-2.42,"1,324.20",0.13%,"2,840.23",-0.67%
2019-05-21,1.98428,1.334112,"7,137.90",-0.50%,-0.01,-0.50,"1,320.10",-0.31%,"2,864.36",0.85%
2019-05-22,1.981014,-0.16459,"6,855.30",-3.96%,-0.04,-3.96,"1,321.30",0.09%,"2,856.27",-0.28%
2019-05-23,1.912362,-3.4655,"7,055.20",2.92%,0.03,2.92,"1,328.40",0.79%,"2,822.24",-1.19%
2019-05-24,1.939652,1.427031,"7,146.30",1.29%,0.01,1.29,"1,329.20",-0.13%,"2,826.06",0.14%
2019-05-25,1.957378,0.913875,"7,223.70",1.08%,0.0108,1.08,,,,
2019-05-26,2.07641,6.081196,"7,801.00",7.99%,0.08,7.99,"1,283.65",-3.45%,,
2019-05-27,1.982179,-4.53817,"7,852.90",0.66%,0.01,0.66,"1,283.25",0.06%,,
2019-05-28,1.982551,0.018767,"7,827.60",-0.32%,0.00,-0.32,"1,322.60",2.98%,"2,802.39",-0.84%
2019-05-29,1.982403,-0.00747,"7,801.40",-0.33%,0.00,-0.33,"1,327.80",0.24%,"2,783.02",-0.69%
2019-05-30,1.983383,0.049435,"7,460.60",-4.37%,-0.04,-4.37,"1,332.40",0.48%,"2,788.86",0.21%
2019-05-31,1.986289,0.146517,"7,689.30",3.07%,0.03,3.07,"1,342.90",1.25%,"2,752.06",-1.32%
2019-06-01,1.989261,0.149626,"7,711.00",0.28%,0.0028,0.28,,,,
2019-06-02,1.987351,-0.09602,"7,864.90",2.00%,0.02,2,,,,
2019-06-03,1.987289,-0.00312,"7,252.80",-7.78%,-0.08,-7.78,"1,356.50",1.16%,"2,744.45",-0.28%
2019-06-04,1.980913,-0.32084,"6,832.70",-5.79%,-0.06,-5.79,"1,366.50",0.09%,"2,803.27",2.14%
2019-06-05,1.990542,0.486089,"6,960.20",1.87%,0.02,1.87,"1,368.80",0.27%,"2,826.15",0.82%
2019-06-06,1.983985,-0.32941,"6,944.10",-0.23%,0.00,-0.23,"1,370.00",0.61%,"2,843.49",0.61%
2019-06-07,2.024322,2.03313,"7,098.40",2.22%,0.02,2.22,"1,382.40",0.25%,"2,873.34",1.05%
2019-06-08,2.020853,-0.17137,"7,062.80",-0.50%,-0.005,-0.5,,,,
2019-06-09,1.979563,-2.0432,"6,812.10",-3.55%,-0.0355,-3.55,,,,
2019-06-10,1.966442,-0.66282,"7,109.50",4.37%,0.04,4.37,"1,367.00",-1.09%,"2,886.73",0.47%
2019-06-11,1.973939,0.381247,"7,015.20",-1.33%,-0.01,-1.33,"1,369.00",0.15%,"2,885.72",-0.03%
2019-06-12,2.030725,2.876786,"7,260.20",3.49%,0.03,3.49,"1,373.80",0.35%,"2,879.84",-0.20%
2019-06-13,2.042638,0.586638,"7,324.80",0.89%,0.01,0.89,"1,378.30",0.50%,"2,891.64",0.41%
2019-06-14,2.01338,-1.43236,"7,773.00",6.12%,0.06,6.12,"1,379.80",0.06%,"2,886.98",-0.16%
2019-06-15,2.040452,1.344605,"7,898.30",1.61%,0.0161,1.61,,,,
2019-06-16,2.080633,1.969221,"8,010.20",1.42%,0.0142,1.42,,,,
2019-06-17,2.131326,2.436422,"8,329.30",3.98%,0.04,3.98,"1,379.70",-0.14%,"2,889.67",0.09%
2019-06-18,2.165458,1.601444,"8,117.20",-2.55%,-0.03,-2.55,"1,379.70",0.57%,"2,917.75",0.97%
2019-06-19,2.165458,0,"8,273.90",1.93%,0.02,1.93,"1,382.10",-0.22%,"2,926.46",0.30%
2019-06-20,2.165458,0,"8,455.70",2.20%,0.02,2.20,"1,417.40",3.25%,"2,954.18",0.95%
2019-06-21,2.165458,0,"8,988.60",6.30%,0.06,6.30,"1,419.60",0.23%,"2,950.46",-0.13%
2019-06-22,2.304107,6.402756,"9,362.40",4.16%,0.0416,4.16,,,,
2019-06-23,2.332807,1.245602,"9,503.80",1.51%,0.0151,1.51,,,,
2019-06-24,2.356306,1.007327,"9,686.10",1.92%,0.02,1.92,"1,439.00",1.27%,"2,945.35",-0.17%
2019-06-25,2.4229,2.826203,"10,340.30",6.75%,0.07,6.75,"1,448.70",0.03%,"2,917.38",-0.95%
2019-06-26,2.72156,12.32655,"11,263.80",8.93%,0.09,8.93,"1,440.50",-0.24%,"2,913.78",-0.12%
2019-06-27,2.266014,-16.7384,"9,785.40",-13.12%,-0.13,-13.12,"1,444.50",-0.23%,"2,924.92",0.38%
2019-06-28,,,"10,886.00",11.25%,0.11,11.25,"1,445.70",0.16%,"2,941.76",0.58%
2019-06-29,,,"10,455.00",-3.96%,-0.0396,-3.96,,,,
2019-06-30,2.286885,0.921045,"9,481.60",-9.31%,-0.0931,-9.31,,,,
2019-07-01,,,"9,371.60",-1.16%,-0.01,-1.16,"1,424.40",-1.60%,"2,964.33",0.77%
2019-07-02,2.22113,-2.87531,"9,601.80",2.46%,0.02,2.46,"1,428.60",1.35%,"2,973.01",0.29%
2019-07-03,2.280957,2.693539,"10,617.90",10.58%,0.11,10.58,"1,461.90",0.91%,"2,995.82",0.77%
2019-07-04,2.281527,0.02499,"9,924.60",-6.53%,-0.07,-6.53,"1,412.85",-2.23%,,
2019-07-05,2.212599,-3.02113,"9,809.80",-1.16%,-0.01,-1.16,"1,428.00",0.92%,"2,990.41",-0.18%
2019-07-06,,,"10,037.00",2.32%,0.0232,2.32,,,,
2019-07-07,,,"10,243.40",2.06%,0.0206,2.06,,,,
2019-07-08,2.304977,4.17509,"10,981.20",7.20%,0.07,7.20,"1,436.90",0.05%,"2,975.95",-0.48%
2019-07-09,2.319889,0.646948,"11,229.40",2.26%,0.02,2.26,"1,430.60",0.07%,"2,979.63",0.12%
2019-07-10,2.294095,-1.11186,"10,775.80",-4.04%,-0.04,-4.04,"1,450.50",0.85%,"2,993.07",0.45%
2019-07-11,2.057467,-10.3147,"10,099.20",-6.28%,-0.06,-6.28,"1,461.40",-0.36%,"2,999.91",0.23%
2019-07-12,2.135597,3.797388,"10,489.70",3.87%,0.04,3.87,"1,450.90",0.39%,"3,013.77",0.46%
2019-07-13,2.022085,-5.31524,"10,114.90",-3.57%,-0.0357,-3.57,,,,
2019-07-14,1.779541,-11.9947,"9,217.90",-8.87%,-0.0887,-8.87,,,,
2019-07-15,1.957165,9.98145,"9,653.20",4.72%,0.05,4.72,"1,452.30",0.10%,"3,014.30",0.02%
2019-07-16,1.790719,-8.50444,"8,404.00",-12.94%,-0.13,-12.94,"1,453.40",-0.14%,"3,004.04",-0.34%
2019-07-17,1.654402,-7.61242,"8,647.10",2.89%,0.03,2.89,"1,455.00",0.85%,"2,984.42",-0.65%
2019-07-18,1.698791,2.683084,"9,464.20",9.45%,0.09,9.45,"1,459.40",0.32%,"2,995.11",0.36%
2019-07-19,1.797025,5.782583,"9,400.90",-0.67%,-0.01,-0.67,"1,461.50",-0.12%,"2,976.61",-0.62%
2019-07-20,,,"9,608.10",2.20%,0.022,2.2,,,,
2019-07-21,1.840503,2.419443,"9,458.20",-1.56%,-0.0156,-1.56,,,,
2019-07-22,1.781789,-3.19011,"9,232.70",-2.38%,-0.02,-2.38,"1,466.00",0.03%,"2,985.03",0.28%
2019-07-23,1.7481,-1.89074,"8,854.10",-4.10%,-0.04,-4.10,"1,458.60",-0.35%,"3,005.47",0.68%
2019-07-24,1.752204,0.234769,"8,785.00",-0.78%,-0.01,-0.78,"1,467.20",0.14%,"3,019.56",0.47%
2019-07-25,,,"8,884.10",1.13%,0.01,1.13,"1,456.10",-0.58%,"3,003.67",-0.53%
2019-07-26,,,"8,860.20",-0.27%,0.00,-0.27,"1,460.40",0.41%,"3,025.86",0.74%
2019-07-27,1.785156,1.880603,"8,521.80",-3.82%,-0.0382,-3.82,,,,
2019-07-28,,,"8,582.20",0.71%,0.0071,0.71,,,,
2019-07-29,,,"8,535.70",-0.54%,-0.01,-0.54,"1,461.70",0.09%,"3,020.97",-0.16%
2019-07-30,1.737445,-2.67265,"8,597.00",0.72%,0.01,0.72,"1,469.00",0.59%,"3,013.18",-0.26%
2019-07-31,,,"9,105.10",5.91%,0.06,5.91,"1,452.90",-0.27%,"2,980.38",-1.09%
2019-08-01,1.773093,2.051748,"9,384.90",3.07%,0.03,3.07,"1,443.30",-0.33%,"2,953.56",-0.90%
2019-08-02,1.819,2.589091,"9,473.60",0.95%,0.01,0.95,"1,476.20",1.63%,"2,932.05",-0.73%
2019-08-03,,,"9,732.40",2.73%,0.0273,2.73,,,,
2019-08-04,1.828996,0.549533,"9,875.00",1.47%,0.0147,1.47,,,,
2019-08-05,1.926187,5.313899,"10,487.90",6.21%,0.06,6.21,"1,487.40",1.16%,"2,844.74",-2.98%
2019-08-06,1.96227,1.873286,"10,227.00",-2.49%,-0.02,-2.49,"1,498.60",0.47%,"2,881.77",1.30%
2019-08-07,1.863254,-5.04599,"10,669.60",4.33%,0.04,4.33,"1,510.60",2.31%,"2,883.98",0.08%
2019-08-08,,,"10,724.40",0.51%,0.01,0.51,"1,532.60",-0.62%,"2,938.09",1.88%
2019-08-09,,,"10,583.50",-1.31%,-0.01,-1.31,"1,535.00",-0.03%,"2,918.65",-0.66%
2019-08-10,,,"10,087.40",-4.69%,-0.0469,-4.69,,,,
2019-08-11,,,"10,332.70",2.43%,0.0243,2.43,,,,
2019-08-12,1.830797,-1.74195,"10,162.90",-1.64%,-0.02,-1.64,"1,526.40",0.55%,"2,883.75",-1.20%
2019-08-13,,,"9,730.50",-4.25%,-0.04,-4.25,"1,523.10",-0.15%,"2,926.32",1.48%
2019-08-14,,,"8,999.50",-7.51%,-0.08,-7.51,"1,532.60",0.86%,"2,840.60",-2.93%
2019-08-15,1.678425,-8.32271,"9,286.20",3.19%,0.03,3.19,"1,546.00",0.17%,"2,847.60",0.25%
2019-08-16,,,"9,346.50",0.65%,0.01,0.65,"1,541.30",-0.48%,"2,888.68",1.44%
2019-08-17,,,"9,216.80",-1.39%,-0.0139,-1.39,,,,
2019-08-18,1.707534,1.734304,"9,321.70",1.14%,0.0114,1.14,,,,
2019-08-19,1.745055,2.197379,"9,860.70",5.78%,0.06,5.78,"1,531.00",-0.77%,"2,923.65",1.21%
2019-08-20,1.730636,-0.82628,"9,703.70",-1.59%,-0.02,-1.59,"1,530.20",0.27%,"2,900.51",-0.79%
2019-08-21,,,"9,142.10",-5.79%,-0.06,-5.79,"1,532.70",0.01%,"2,924.43",0.82%
2019-08-22,,,"9,134.20",-0.09%,0.00,-0.09,"1,530.50",-0.46%,"2,922.95",-0.05%
2019-08-23,1.698332,-1.8666,"9,338.80",2.24%,0.02,2.24,"1,537.30",1.90%,"2,847.11",-2.59%
2019-08-24,,,"9,106.30",-2.49%,-0.0249,-2.49,,,,
2019-08-25,,,"9,112.50",0.07%,0.0007,0.07,,,,
2019-08-26,,,"9,342.90",2.53%,0.03,2.53,"1,563.20",-0.03%,"2,878.38",1.10%
2019-08-27,1.672843,-1.50083,"9,182.70",-1.72%,-0.02,-1.72,"1,564.60",0.95%,"2,869.16",-0.32%
2019-08-28,,,"8,789.20",-4.29%,-0.04,-4.29,"1,571.60",-0.17%,"2,887.94",0.65%
2019-08-29,1.581655,-5.45108,"8,584.70",-2.33%,-0.02,-2.33,"1,562.00",-0.72%,"2,924.58",1.27%
2019-08-30,,,"8,732.80",1.73%,0.02,1.73,"1,555.00",-0.43%,"2,926.46",0.06%
2019-08-31,1.60451,1.445005,"8,760.20",0.31%,0.0031,0.31,,,,
2019-09-01,,,"8,894.90",1.54%,0.02,1.54,"1,535.25",-1.23%,,
2019-09-02,,,"9,475.80",6.53%,0.07,6.53,"1,528.15",-0.19%,,
2019-09-03,1.681396,4.791868,"9,684.60",2.20%,0.02,2.20,"1,561.20",3.13%,"2,906.27",-0.69%
2019-09-04,,,"9,591.70",-0.96%,-0.01,-0.96,"1,572.00",0.27%,"2,937.78",1.08%
2019-09-05,,,"9,593.60",0.02%,0.00,0.02,"1,544.90",-2.17%,"2,976.00",1.30%
2019-09-06,,,"9,346.10",-2.58%,-0.03,-2.58,"1,539.20",-0.62%,"2,978.71",0.09%
2019-09-07,,,"9,502.70",1.68%,0.0168,1.68,,,,
2019-09-08,1.686943,0.329904,"9,459.10",-0.46%,-0.0046,-0.46,,,,
2019-09-09,,,"9,350.50",-1.15%,-0.01,-1.15,"1,534.10",-0.24%,"2,978.43",-0.01%
2019-09-10,1.676168,-0.63873,"9,152.70",-2.12%,-0.02,-2.12,"1,524.90",-0.75%,"2,979.39",0.03%
2019-09-11,,,"9,237.40",0.93%,0.01,0.93,"1,528.80",0.28%,"3,000.93",0.72%
2019-09-12,,,"9,437.20",2.16%,0.02,2.16,"1,530.40",0.35%,"3,009.57",0.29%
2019-09-13,1.661739,-0.86083,"9,350.60",-0.92%,-0.01,-0.92,"1,525.60",-0.46%,"3,007.39",-0.07%
2019-09-14,,,"9,354.60",0.04%,0.0004,0.04,,,,
2019-09-15,,,"9,317.00",-0.40%,-0.004,-0.4,,,,
2019-09-16,1.673978,0.736518,"9,338.10",0.23%,0.00,0.23,"1,536.40",0.76%,"2,997.96",-0.31%
2019-09-17,,,"9,218.20",-1.28%,-0.01,-1.28,"1,538.80",0.12%,"3,005.70",0.26%
2019-09-18,,,"9,225.10",0.07%,0.00,0.07,"1,530.40",0.13%,"3,006.73",0.03%
2019-09-19,1.682648,0.517928,"9,307.30",0.89%,0.01,0.89,"1,528.80",-0.63%,"3,006.79",0.00%
2019-09-20,,,"9,241.30",-0.71%,-0.01,-0.71,"1,537.80",0.58%,"2,992.07",-0.49%
2019-09-21,,,"9,077.30",-1.77%,-0.0177,-1.77,,,,
2019-09-22,1.706525,1.419013,"9,123.80",0.51%,0.0051,0.51,,,,
2019-09-23,,,"8,824.00",-3.29%,-0.03,-3.29,"1,556.60",1.05%,"2,991.78",-0.01%
2019-09-24,1.671409,-2.05775,"7,782.60",-11.80%,-0.12,-11.80,"1,554.90",0.54%,"2,966.60",-0.84%
2019-09-25,,,"7,720.60",-0.80%,-0.01,-0.80,"1,539.10",-1.79%,"2,984.87",0.62%
2019-09-26,1.539012,-7.92128,"7,385.10",-4.34%,-0.04,-4.34,"1,538.00",0.19%,"2,977.62",-0.24%
2019-09-27,,,"7,500.90",1.57%,0.02,1.57,"1,525.70",-0.58%,"2,961.79",-0.53%
2019-09-28,,,"7,528.40",0.37%,0.0037,0.37,,,,
2019-09-29,,,"7,380.60",-1.96%,-0.0196,-1.96,,,,
2019-09-30,,,"7,629.70",3.38%,0.03,3.38,"1,500.10",-2.20%,"2,976.74",0.50%
2019-10-01,1.543411,0.285833,"7,631.20",0.02%,0.00,0.02,"1,499.00",1.05%,"2,940.25",-1.23%
2019-10-02,,,"7,656.90",0.34%,0.00,0.34,"1,509.90",1.24%,"2,887.61",-1.79%
2019-10-03,1.512761,-1.98586,"7,520.40",-1.78%,-0.02,-1.78,"1,535.20",0.29%,"2,910.63",0.80%
2019-10-04,,,"7,443.40",-1.02%,-0.01,-1.02,"1,530.20",-0.04%,"2,952.01",1.42%
2019-10-05,,,"7,430.60",-0.17%,-0.0017,-0.17,,,,
2019-10-06,,,"7,174.80",-3.44%,-0.0344,-3.44,,,,
2019-10-07,,,"7,489.40",4.38%,0.04,4.38,"1,522.20",-0.53%,"2,938.79",-0.45%
2019-10-08,,,"7,481.70",-0.10%,0.00,-0.10,"1,522.60",-0.04%,"2,893.06",-1.56%
2019-10-09,1.611293,6.513388,"7,826.00",4.60%,0.05,4.60,"1,535.00",0.60%,"2,919.40",0.91%
2019-10-10,,,"7,810.10",-0.20%,0.00,-0.20,"1,526.00",-0.74%,"2,938.13",0.64%
2019-10-11,,,"7,502.40",-3.94%,-0.04,-3.94,"1,508.00",-0.78%,"2,970.27",1.09%
2019-10-12,1.557686,-3.32696,"7,542.40",0.53%,0.0053,0.53,,,,
2019-10-13,,,"7,529.20",-0.18%,-0.0018,-0.18,,,,
2019-10-14,1.575963,1.173343,"7,582.20",0.70%,0.01,0.70,"1,524.40",0.61%,"2,966.15",-0.14%
2019-10-15,,,"7,406.60",-2.32%,-0.02,-2.32,"1,513.00",-0.92%,"2,995.68",1.00%
2019-10-16,,,"7,229.60",-2.39%,-0.02,-2.39,"1,510.00",0.68%,"2,989.69",-0.20%
2019-10-17,,,"7,269.70",0.55%,0.01,0.55,"1,519.90",0.29%,"2,997.95",0.28%
2019-10-18,,,"7,133.00",-1.88%,-0.02,-1.88,"1,519.50",-0.31%,"2,986.20",-0.39%
2019-10-19,,,"7,136.60",0.05%,0.0005,0.05,,,,
2019-10-20,,,"7,386.50",3.50%,0.035,3.5,,,,
2019-10-21,1.535427,-2.57214,"7,377.50",-0.12%,0.00,-0.12,"1,515.00",-0.37%,"3,006.72",0.69%
2019-10-22,,,"7,223.00",-2.09%,-0.02,-2.09,"1,515.00",-0.05%,"2,995.99",-0.36%
2019-10-23,,,"6,725.30",-6.89%,-0.07,-6.89,"1,522.00",0.55%,"3,004.52",0.28%
2019-10-24,,,"6,706.10",-0.29%,0.00,-0.29,"1,522.00",0.59%,"3,010.29",0.19%
2019-10-25,,,"7,814.40",16.53%,0.17,16.53,"1,535.00",0.08%,"3,022.55",0.41%
2019-10-26,,,"8,334.90",6.66%,0.0666,6.66,,,,
2019-10-27,1.74135,13.41145,"8,602.80",3.21%,0.0321,3.21,,,,
2019-10-28,,,"8,311.50",-3.39%,-0.03,-3.39,"1,523.50",-0.61%,"3,039.42",0.56%
2019-10-29,,,"8,493.40",2.19%,0.02,2.19,"1,515.50",-0.34%,"3,036.89",-0.08%
2019-10-30,,,"8,228.10",-3.12%,-0.03,-3.12,"1,513.20",0.39%,"3,046.77",0.33%
2019-10-31,,,"8,213.70",-0.18%,0.00,-0.18,"1,527.00",1.15%,"3,037.56",-0.30%
2019-11-01,,,"8,294.30",0.98%,0.01,0.98,"1,538.00",-0.17%,"3,066.91",0.97%
2019-11-02,,,"8,342.60",0.58%,0.0058,0.58,,,,
2019-11-03,1.659329,-4.7102,"8,257.00",-1.03%,-0.0103,-1.03,,,,
2019-11-04,,,"8,466.10",2.53%,0.03,2.53,"1,541.00",0.02%,"3,078.27",0.37%
2019-11-05,,,"8,415.40",-0.60%,-0.01,-0.60,"1,513.00",-1.76%,"3,074.62",-0.12%
2019-11-06,,,"8,448.70",0.40%,0.00,0.40,"1,516.10",0.62%,"3,076.78",0.07%
2019-11-07,1.688378,1.750647,"8,334.00",-1.36%,-0.01,-1.36,"1,495.10",-1.72%,"3,085.18",0.27%
2019-11-08,,,"7,969.80",-4.37%,-0.04,-4.37,"1,488.80",-0.09%,"3,093.08",0.26%
2019-11-09,,,"8,005.10",0.44%,0.0044,0.44,,,,
2019-11-10,,,"8,207.10",2.52%,0.0252,2.52,,,,
2019-11-11,1.624105,-3.80679,"7,913.40",-3.58%,-0.04,-3.58,"1,480.10",-0.55%,"3,087.01",-0.20%
2019-11-12,,,"8,003.60",1.14%,0.01,1.14,"1,480.00",-0.26%,"3,091.84",0.16%
2019-11-13,,,"7,971.10",-0.41%,0.00,-0.41,"1,489.90",0.65%,"3,094.04",0.07%
2019-11-14,,,"7,842.80",-1.61%,-0.02,-1.61,"1,494.80",0.68%,"3,096.63",0.08%
2019-11-15,,,"7,670.00",-2.20%,-0.02,-2.20,"1,495.90",-0.33%,"3,120.46",0.77%
2019-11-16,,,"7,687.90",0.23%,0.0023,0.23,,,,
2019-11-17,,,"7,703.90",0.21%,0.0021,0.21,,,,
2019-11-18,1.577529,-2.86779,"7,395.90",-4.00%,-0.04,-4.00,"1,488.80",0.22%,"3,122.03",0.05%
2019-11-19,,,"7,342.20",-0.73%,-0.01,-0.73,"1,497.00",0.16%,"3,120.18",-0.06%
2019-11-20,,,"7,302.00",-0.55%,-0.01,-0.55,"1,498.00",-0.02%,"3,108.46",-0.38%
2019-11-21,1.451429,-7.99351,"6,897.60",-5.54%,-0.06,-5.54,"1,494.00",-0.70%,"3,103.54",-0.16%
2019-11-22,,,"6,629.50",-3.89%,-0.04,-3.89,"1,492.00",0.03%,"3,110.29",0.22%
2019-11-23,,,"6,664.50",0.53%,0.0053,0.53,,,,
2019-11-24,,,"6,287.10",-5.66%,-0.0566,-5.66,,,,
2019-11-25,,,"6,485.80",3.16%,0.03,3.16,"1,485.20",-0.42%,"3,133.64",0.75%
2019-11-26,1.303963,-10.1601,"6,516.10",0.47%,0.00,0.47,"1,481.00",0.19%,"3,140.52",0.22%
2019-11-27,1.302847,-0.08559,"6,849.00",5.11%,0.05,5.11,"1,483.90",-0.44%,"3,153.63",0.42%
2019-11-28,1.378487,5.805747,"6,763.00",-1.26%,-0.01,-1.26,"1,460.75",-1.49%,,
2019-11-29,1.382643,0.30149,"7,047.40",4.20%,0.04,4.20,"1,484.20",2.35%,"3,140.98",-0.40%
2019-11-30,1.419293,2.65072,"6,875.50",-2.44%,-0.0244,-2.44,,,,
2019-12-01,1.346746,-5.11149,"6,735.20",-2.04%,-0.0204,-2.04,,,,
2019-12-02,1.354697,0.590386,"6,607.50",-1.90%,-0.02,-1.90,"1,485.00",-0.23%,"3,113.87",-0.86%
2019-12-03,1.330063,-1.81841,"6,595.20",-0.19%,0.00,-0.19,"1,491.10",1.04%,"3,093.20",-0.66%
2019-12-04,1.301139,-2.17463,"6,499.80",-1.45%,-0.01,-1.45,"1,502.50",-0.27%,"3,112.76",0.63%
2019-12-05,1.310359,0.70861,"6,667.10",2.57%,0.03,2.57,"1,503.00",0.20%,"3,117.43",0.15%
2019-12-06,1.338705,2.163224,"6,832.80",2.48%,0.02,2.48,"1,488.00",-1.17%,"3,145.91",0.91%
2019-12-07,1.378851,2.998868,"6,790.70",-0.62%,-0.0062,-0.62,,,,
2019-12-08,1.352774,-1.89121,"6,810.70",0.29%,0.0029,0.29,,,,
2019-12-09,1.375517,1.681212,"6,640.80",-2.50%,-0.03,-2.50,"1,489.40",-0.01%,"3,135.96",-0.32%
2019-12-10,1.344374,-2.26409,"6,522.00",-1.79%,-0.02,-1.79,"1,489.70",0.23%,"3,132.52",-0.11%
2019-12-11,1.315473,-2.14977,"6,479.60",-0.65%,-0.01,-0.65,"1,497.50",0.46%,"3,141.63",0.29%
2019-12-12,1.296977,-1.40603,"6,435.10",-0.69%,-0.01,-0.69,"1,494.10",-0.17%,"3,168.57",0.86%
2019-12-13,1.303934,0.536401,"6,527.10",1.43%,0.01,1.43,"1,493.00",0.63%,"3,168.80",0.01%
2019-12-14,1.317676,1.053888,"6,365.20",-2.48%,-0.0248,-2.48,,,,
2019-12-15,1.283993,-2.55624,"6,398.50",0.52%,0.0052,0.52,,,,
2019-12-16,1.279546,-0.34634,"6,185.50",-3.33%,-0.03,-3.33,"1,503.90",-0.01%,"3,191.45",0.71%
2019-12-17,1.222337,-4.47104,"5,940.70",-3.96%,-0.04,-3.96,"1,505.00",0.01%,"3,192.52",0.03%
2019-12-18,1.180729,-3.40397,"6,559.10",10.41%,0.10,10.41,"1,501.70",-0.17%,"3,191.14",-0.04%
2019-12-19,1.25295,6.116645,"6,435.80",-1.88%,-0.02,-1.88,"1,503.50",0.38%,"3,205.37",0.45%
2019-12-20,1.244746,-0.65477,"6,501.20",1.02%,0.01,1.02,"1,505.20",-0.24%,"3,221.22",0.49%
2019-12-21,1.262889,1.457566,"6,461.10",-0.62%,-0.0062,-0.62,,,,
2019-12-22,1.259658,-0.25584,"6,788.80",5.07%,0.0507,5.07,,,,
2019-12-23,1.320398,4.821944,"6,607.20",-2.67%,-0.03,-2.67,"1,510.70",0.53%,"3,224.01",0.09%
2019-12-24,1.27629,-3.34051,"6,553.20",-0.82%,-0.01,-0.82,"1,518.60",1.06%,"3,223.38",-0.02%
2019-12-25,1.267707,-0.6725,"6,490.70",-0.95%,-0.01,-0.95,"1,502.15",-1.73%,,
2019-12-26,1.254377,-1.0515,"6,497.10",0.10%,0.00,0.10,"1,528.40",2.41%,"3,239.91",0.51%
2019-12-27,1.257727,0.267065,"6,494.10",-0.05%,0.00,-0.05,"1,540.00",0.27%,"3,240.02",0.00%
2019-12-28,1.264394,0.530083,"6,544.00",0.77%,0.0077,0.77,,,,
2019-12-29,1.265306,0.072129,"6,613.20",1.06%,0.0106,1.06,,,,
2019-12-30,1.281118,1.249658,"6,463.60",-2.26%,-0.02,-2.26,"1,540.10",0.06%,"3,221.29",-0.58%
2019-12-31,1.257922,-1.81061,"6,404.80",-0.91%,-0.01,-0.91,"1,546.40",0.34%,"3,230.78",0.29%
2020-01-01,1.253969,-0.31425,"6,409.30",0.07%,0.00,0.07,"1,520.85",-1.91%,,
2020-01-02,1.237908,-1.28081,"6,225.90",-2.86%,-0.03,-2.86,"1,548.20",2.25%,"3,257.85",0.84%
2020-01-03,1.238681,0.062444,"6,572.20",5.56%,0.06,5.56,"1,561.60",1.57%,"3,234.85",-0.71%
2020-01-04,1.274486,2.890575,"6,594.20",0.34%,0.0034,0.34,,,,
2020-01-05,1.297118,1.775775,"6,593.30",-0.01%,-0.0001,-0.01,,,,
2020-01-06,1.311166,1.083016,"6,937.50",5.22%,0.05,5.22,"1,590.00",1.04%,"3,246.28",0.35%
2020-01-07,1.377446,5.055043,"7,324.10",5.57%,0.06,5.57,"1,586.50",0.33%,"3,237.18",-0.28%
2020-01-08,1.437467,4.357412,"7,243.70",-1.10%,-0.01,-1.10,"1,581.50",-0.89%,"3,253.05",0.49%
2020-01-09,1.385525,-3.61344,"7,043.70",-2.76%,-0.03,-2.76,"1,570.20",-0.35%,"3,274.70",0.67%
2020-01-10,1.353349,-2.3223,"7,367.70",4.60%,0.05,4.60,"1,574.10",0.35%,"3,265.35",-0.29%
2020-01-11,1.406843,3.952713,"7,218.00",-2.03%,-0.0203,-2.03,,,,
2020-01-12,1.40726,0.029641,"7,357.40",1.93%,0.0193,1.93,,,,
2020-01-13,1.407047,-0.01514,"7,291.10",-0.90%,-0.01,-0.90,"1,574.90",-0.60%,"3,288.13",0.70%
2020-01-14,1.470466,4.507241,"7,937.20",8.86%,0.09,8.86,"1,563.40",-0.40%,"3,283.15",-0.15%
2020-01-15,1.520586,3.408443,"7,911.60",-0.32%,0.00,-0.32,"1,573.40",0.58%,"3,289.29",0.19%
2020-01-16,1.517021,-0.23445,"7,833.40",-0.99%,-0.01,-0.99,"1,575.00",-0.22%,"3,316.81",0.84%
2020-01-17,1.545619,1.885142,"8,026.60",2.47%,0.02,2.47,"1,577.10",0.65%,"3,329.62",0.39%
2020-01-18,1.568424,1.475461,"8,041.10",0.18%,0.0018,0.18,,,,
2020-01-19,1.628815,3.850426,"7,853.30",-2.34%,-0.02,-2.34,"1,556.45",-1.90%,,
2020-01-20,1.534757,-5.77463,"7,790.20",-0.80%,-0.01,-0.80,"1,556.65",0.27%,,
2020-01-21,1.561969,1.773049,"7,876.70",1.11%,0.01,1.11,"1,573.60",1.50%,"3,320.79",-0.27%
2020-01-22,1.559062,-0.18611,"7,816.60",-0.76%,-0.01,-0.76,"1,577.60",-0.08%,"3,321.75",0.03%
2020-01-23,1.533616,-1.63214,"7,603.70",-2.72%,-0.03,-2.72,"1,580.10",0.54%,"3,325.54",0.11%
2020-01-24,1.482485,-3.33402,"7,648.20",0.58%,0.01,0.58,"1,584.00",0.43%,"3,295.47",-0.90%
2020-01-25,1.513019,2.05965,"7,572.30",-0.99%,-0.0099,-0.99,,,,
2020-01-26,1.495269,-1.17315,"7,801.10",3.02%,0.0302,3.02,,,,
2020-01-27,1.548831,3.582098,"8,072.50",3.48%,0.03,3.48,"1,602.80",0.35%,"3,243.63",-1.57%
2020-01-28,1.618512,4.498941,"8,509.20",5.41%,0.05,5.41,"1,593.40",-0.48%,"3,276.24",1.01%
2020-01-29,1.684066,4.050263,"8,435.70",-0.86%,-0.01,-0.86,"1,589.30",0.06%,"3,273.40",-0.09%
2020-01-30,1.684578,0.030403,"8,617.60",2.16%,0.02,2.16,"1,599.00",0.80%,"3,283.66",0.31%
2020-01-31,1.742487,3.437597,"8,417.20",-2.33%,-0.02,-2.33,"1,597.70",-0.08%,"3,225.52",-1.77%
2020-02-01,1.702391,-2.30108,"8,460.90",0.52%,0.0052,0.52,,,,
2020-02-02,1.691162,-0.6596,"8,418.10",-0.51%,-0.0051,-0.51,,,,
2020-02-03,1.706495,0.906655,"8,408.00",-0.12%,0.00,-0.12,"1,595.00",-0.34%,"3,248.92",0.73%
2020-02-04,1.703028,-0.20316,"8,308.40",-1.18%,-0.01,-1.18,"1,576.00",-1.65%,"3,297.59",1.50%
2020-02-05,1.714395,0.667458,"8,738.60",5.18%,0.05,5.18,"1,573.00",0.46%,"3,334.69",1.13%
2020-02-06,1.808039,5.462218,"8,892.30",1.76%,0.02,1.76,"1,579.30",0.44%,"3,345.78",0.33%
2020-02-07,1.870065,3.430568,"8,967.70",0.85%,0.01,0.85,"1,588.40",0.21%,"3,327.71",-0.54%
2020-02-08,1.874154,0.218656,"9,062.00",1.05%,0.0105,1.05,,,,
2020-02-09,1.946614,3.866278,"9,284.90",2.46%,0.0246,2.46,,,,
2020-02-10,1.927923,-0.96018,"9,039.30",-2.64%,-0.03,-2.64,"1,594.20",0.36%,"3,352.09",0.73%
2020-02-11,1.886668,-2.13987,"9,410.60",4.11%,0.04,4.11,"1,587.10",-0.60%,"3,357.75",0.17%
2020-02-12,2.070285,9.732343,"9,533.00",1.30%,0.01,1.30,"1,587.50",0.08%,"3,379.45",0.65%
2020-02-13,2.168963,4.766397,"9,451.10",-0.86%,-0.01,-0.86,"1,594.00",0.45%,"3,373.94",-0.16%
2020-02-14,2.146452,-1.03787,"9,572.50",1.28%,0.01,1.28,"1,597.30",0.46%,"3,380.16",0.18%
2020-02-15,2.217303,3.300843,"9,163.00",-4.28%,-0.0428,-4.28,,,,
2020-02-16,2.132012,-3.84661,"9,164.20",0.01%,0.00,0.01,"1,583.45",-1.29%,,
2020-02-17,2.01852,-5.32323,"8,969.00",-2.13%,-0.02,-2.13,"1,581.85",0.05%,,
2020-02-18,2.108849,4.475011,"9,442.50",5.28%,0.05,5.28,"1,603.50",2.33%,"3,370.29",-0.29%
2020-02-19,2.174008,3.08979,"8,902.80",-5.72%,-0.06,-5.72,"1,623.30",0.50%,"3,386.15",0.47%
2020-02-20,2.03736,-6.28553,"8,912.90",0.11%,0.00,0.11,"1,627.70",0.53%,"3,373.23",-0.38%
2020-02-21,2.061202,1.17024,"8,951.50",0.43%,0.00,0.43,"1,642.40",1.72%,"3,337.75",-1.05%
2020-02-22,2.028169,-1.60261,"8,929.50",-0.25%,-0.0025,-0.25,,,,
2020-02-23,2.066241,1.877161,"9,203.50",3.07%,0.0307,3.07,,,,
2020-02-24,2.037982,-1.36765,"8,916.10",-3.12%,-0.03,-3.12,"1,673.30",1.68%,"3,225.89",-3.35%
2020-02-25,1.971731,-3.25081,"8,564.70",-3.94%,-0.04,-3.94,"1,650.00",-1.59%,"3,128.21",-3.03%
2020-02-26,1.818197,-7.78676,"8,079.00",-5.67%,-0.06,-5.67,"1,646.70",-0.44%,"3,116.39",-0.38%
2020-02-27,1.743447,-4.11122,"8,024.60",-0.67%,-0.01,-0.67,"1,656.00",-0.09%,"2,978.76",-4.42%
2020-02-28,1.823787,4.608113,"7,895.20",-1.61%,-0.02,-1.61,"1,582.00",-4.68%,"2,954.22",-0.82%
2020-02-29,1.82922,0.297897,"7,756.20",-1.76%,-0.0176,-1.76,,,,
2020-03-01,1.772698,-3.08995,"7,734.50",-0.28%,-0.0028,-0.28,,,,
2020-03-02,1.746702,-1.46647,"8,015.50",3.63%,0.04,3.63,"1,593.90",1.65%,"3,090.23",4.60%
2020-03-03,1.811964,3.736298,"7,853.10",-2.03%,-0.02,-2.03,"1,606.50",3.05%,"3,003.37",-2.81%
2020-03-04,1.867656,3.073571,"7,876.20",0.29%,0.00,0.29,"1,647.30",-0.14%,"3,130.12",4.22%
2020-03-05,1.868206,0.029449,"8,093.30",2.76%,0.03,2.76,"1,653.00",1.44%,"3,023.94",-3.39%
2020-03-06,1.858963,-0.49475,"8,125.10",0.39%,0.00,0.39,"1,657.70",0.15%,"2,972.37",-1.71%
2020-03-07,1.884227,1.359037,"7,897.50",-2.80%,-0.028,-2.8,,,,
2020-03-08,1.780098,-5.52635,"7,077.40",-10.38%,-0.1038,-10.38,,,,
2020-03-09,1.600218,-10.1051,"6,955.60",-1.72%,-0.02,-1.72,"1,668.10",0.07%,"2,746.56",-7.60%
2020-03-10,1.600275,0.003562,"6,978.10",0.32%,0.00,0.32,"1,651.50",-0.90%,"2,882.23",4.94%
2020-03-11,1.616276,0.999891,"7,058.80",1.16%,0.01,1.16,"1,641.70",-1.09%,"2,741.38",-4.89%
2020-03-12,1.452863,-10.1105,"4,405.50",-37.59%,-0.38,-37.59,"1,568.70",-3.15%,"2,480.64",-9.51%
2020-03-13,0.945114,-34.9482,"5,111.00",16.01%,0.16,16.01,"1,514.30",-4.62%,"2,711.02",9.29%
2020-03-14,1.108297,17.26596,"4,691.60",-8.21%,-0.0821,-8.21,,,,
2020-03-15,1.023101,-7.68711,"4,823.10",2.80%,0.028,2.8,,,,
2020-03-16,0.999486,-2.30818,"4,525.80",-6.17%,-0.06,-6.17,"1,458.80",-2.04%,"2,386.13",-11.98%
2020-03-17,0.96984,-2.96612,"4,876.20",7.74%,0.08,7.74,"1,476.30",2.70%,"2,529.19",6.00%
2020-03-18,1.012863,4.436093,"4,951.00",1.53%,0.02,1.53,"1,485.20",-3.06%,"2,398.10",-5.18%
2020-03-19,1.003267,-0.94741,"5,828.00",17.71%,0.18,17.71,"1,476.90",0.15%,"2,409.39",0.47%
2020-03-20,1.182192,17.83424,"5,819.80",-0.14%,0.00,-0.14,"1,468.00",0.38%,"2,304.92",-4.34%
2020-03-21,1.179445,-0.23236,"5,817.20",-0.05%,-0.0005,-0.05,,,,
2020-03-22,1.20364,2.051389,"5,471.40",-5.94%,-0.0594,-5.94,,,,
2020-03-23,1.098337,-8.74871,"6,048.80",10.55%,0.11,10.55,"1,498.90",5.77%,"2,237.40",-2.93%
2020-03-24,1.180135,7.447441,"6,277.30",3.78%,0.04,3.78,"1,578.00",5.16%,"2,447.33",9.38%
2020-03-25,1.230985,4.308829,"6,166.40",-1.77%,-0.02,-1.77,"1,607.50",-1.79%,"2,475.56",1.15%
2020-03-26,1.207179,-1.9339,"6,132.10",-0.56%,-0.01,-0.56,"1,615.00",1.76%,"2,630.07",6.24%
2020-03-27,1.216416,0.765172,"5,747.10",-6.28%,-0.06,-6.28,"1,631.90",-0.42%,"2,541.47",-3.37%
2020-03-28,1.112552,-8.53853,"5,629.30",-2.05%,-0.0205,-2.05,,,,
2020-03-29,1.117921,0.482584,"5,288.30",-6.06%,-0.0606,-6.06,,,,
2020-03-30,1.085379,-2.91094,"5,809.10",9.85%,0.10,9.85,"1,634.60",-0.66%,"2,626.65",3.35%
2020-03-31,1.157186,6.615846,"5,839.80",0.53%,0.01,0.53,"1,590.80",-2.83%,"2,584.59",-1.60%
2020-04-01,1.163546,0.549609,"6,079.90",4.11%,0.04,4.11,"1,577.70",-0.32%,"2,470.50",-4.41%
2020-04-02,1.202491,3.347096,"6,259.00",2.95%,0.03,2.95,"1,596.70",2.91%,"2,526.90",2.28%
2020-04-03,1.246117,3.627969,"6,247.80",-0.18%,0.00,-0.18,"1,625.30",0.46%,"2,488.65",-1.51%
2020-04-04,1.236989,-0.73252,"6,367.80",1.92%,0.0192,1.92,,,,
2020-04-05,1.256881,1.608098,"6,287.10",-1.27%,-0.0127,-1.27,,,,
2020-04-06,1.258768,0.150134,"6,801.00",8.17%,0.08,8.17,"1,640.00",2.83%,"2,663.68",7.03%
2020-04-07,1.386994,10.18663,"6,612.00",-2.78%,-0.03,-2.78,"1,674.30",-0.56%,"2,659.41",-0.16%
2020-04-08,1.42155,2.491431,"6,787.40",2.65%,0.03,2.65,"1,673.90",0.02%,"2,749.98",3.41%
2020-04-09,1.446566,1.759769,"6,685.50",-1.50%,-0.02,-1.50,"1,679.20",4.13%,"2,789.82",1.45%
2020-04-10,1.424821,-1.50322,"6,295.40",-5.83%,-0.06,-5.83,"1,740.60",-0.74%,,
2020-04-11,1.397209,-1.93793,"6,312.40",0.27%,0.0027,0.27,,,,
2020-04-12,1.372177,-1.79157,"6,331.30",0.30%,0.003,0.3,,,,
2020-04-13,1.364554,-0.55554,"6,286.70",-0.70%,-0.01,-0.70,"1,725.00",1.27%,"2,761.63",-1.01%
2020-04-14,1.397561,2.418886,"6,271.40",-0.24%,0.00,-0.24,"1,750.00",0.48%,"2,846.06",3.06%
2020-04-15,1.381687,-1.13584,"6,084.50",-2.98%,-0.03,-2.98,"1,736.40",-1.50%,"2,783.36",-2.20%
2020-04-16,1.332316,-3.57324,"6,548.40",7.62%,0.08,7.62,"1,727.60",-0.48%,"2,799.55",0.58%
2020-04-17,1.452768,9.040798,"6,483.40",-0.99%,-0.01,-0.99,"1,695.50",-1.94%,"2,874.56",2.68%
2020-04-18,1.467098,0.986393,"6,683.10",3.08%,0.0308,3.08,,,,
2020-04-19,1.534496,4.593967,"6,570.20",-1.69%,-0.0169,-1.69,,,,
2020-04-20,1.516265,-1.18808,"6,308.60",-3.98%,-0.04,-3.98,"1,689.20",0.74%,"2,823.16",-1.79%
2020-04-21,1.442581,-4.85957,"6,324.10",0.25%,0.00,0.25,"1,670.30",-1.35%,"2,736.56",-3.07%
2020-04-22,1.434823,-0.53779,"6,593.40",4.26%,0.04,4.26,"1,700.00",3.04%,"2,799.31",2.29%
2020-04-23,1.514835,5.576437,"6,927.00",5.06%,0.05,5.06,"1,736.00",0.43%,"2,797.80",-0.05%
2020-04-24,1.60644,6.047193,"6,944.60",0.26%,0.00,0.26,"1,733.00",-0.53%,"2,836.74",1.39%
2020-04-25,1.583448,-1.43124,"6,990.10",0.65%,0.0065,0.65,,,,
2020-04-26,1.601665,1.150464,"7,123.90",1.91%,0.0191,1.91,,,,
2020-04-27,1.6267,1.563061,"7,203.80",1.12%,0.01,1.12,"1,726.80",-0.59%,"2,878.48",1.47%
2020-04-28,1.612027,-0.90201,"7,179.90",-0.33%,0.00,-0.33,"1,712.70",-0.01%,"2,863.39",-0.52%
2020-04-29,1.6383,1.629811,"8,079.10",12.52%,0.13,12.52,"1,718.00",-0.51%,"2,939.51",2.66%
2020-04-30,1.851451,13.0105,"7,900.70",-2.21%,-0.02,-2.21,"1,697.70",-1.02%,"2,912.43",-0.92%
2020-05-01,1.728267,-6.65338,"8,039.20",1.75%,0.02,1.75,"1,688.00",0.42%,"2,830.71",-2.81%
2020-05-02,1.749479,1.227357,"8,178.30",1.73%,0.0173,1.73,,,,
2020-05-03,1.79807,2.777455,"8,136.40",-0.51%,-0.0051,-0.51,,,,
2020-05-04,1.721097,-4.28087,"8,157.00",0.25%,0.00,0.25,"1,711.80",0.81%,"2,842.74",0.42%
2020-05-05,1.754268,1.927317,"8,338.20",2.22%,0.02,2.22,"1,710.50",0.12%,"2,868.44",0.90%
2020-05-06,1.775872,1.231511,"8,493.60",1.86%,0.02,1.86,"1,698.80",-1.37%,"2,848.42",-0.70%
2020-05-07,1.796419,1.157009,"9,220.00",8.55%,0.09,8.55,"1,704.50",2.31%,"2,881.19",1.15%
2020-05-08,1.873255,4.277176,"9,057.20",-1.77%,-0.02,-1.77,"1,724.50",-0.49%,"2,929.80",1.69%
2020-05-09,1.901315,1.497927,"8,816.00",-2.66%,-0.0266,-2.66,,,,
2020-05-10,1.880894,-1.07405,"8,075.10",-8.40%,-0.084,-8.4,,,,
2020-05-11,1.718032,-8.65875,"7,966.30",-1.35%,-0.01,-1.35,"1,714.20",-0.82%,"2,930.32",0.02%
2020-05-12,1.674091,-2.55764,"8,145.30",2.25%,0.02,2.25,"1,717.00",0.41%,"2,870.12",-2.05%
2020-05-13,1.715214,2.456438,"8,615.90",5.78%,0.06,5.78,"1,721.00",0.54%,"2,820.00",-1.75%
2020-05-14,1.814061,5.762954,"9,055.80",5.11%,0.05,5.11,"1,735.00",1.42%,"2,852.50",1.15%
2020-05-15,1.853817,2.191547,"8,608.90",-4.93%,-0.05,-4.93,"1,758.00",0.95%,"2,863.70",0.39%
2020-05-16,1.794552,-3.19692,"8,685.60",0.89%,0.0089,0.89,,,,
2020-05-17,1.807845,0.740742,"8,932.40",2.84%,0.0284,2.84,,,,
2020-05-18,1.850692,2.370059,"8,911.60",-0.23%,0.00,-0.23,"1,756.20",-1.02%,"2,953.91",3.15%
2020-05-19,1.85536,0.25223,"8,954.40",0.48%,0.00,0.48,"1,754.20",0.73%,"2,922.94",-1.05%
2020-05-20,1.866624,0.607106,"8,674.10",-3.13%,-0.03,-3.13,"1,773.00",0.47%,"2,971.61",1.67%
2020-05-21,1.855109,-0.61689,"8,283.40",-4.50%,-0.05,-4.50,"1,743.80",-1.76%,"2,948.51",-0.78%
2020-05-22,1.76846,-4.67083,"8,418.70",1.63%,0.02,1.63,"1,750.60",0.87%,"2,955.45",0.24%
2020-05-23,1.838683,3.970856,"8,427.30",0.10%,0.001,0.1,,,,
2020-05-24,1.825546,-0.71448,"8,005.00",-5.01%,-0.05,-5.01,"1,729.80",-1.98%,,
2020-05-25,1.795921,-1.6228,"8,170.00",2.06%,0.02,2.06,"1,719.25",-0.21%,,
2020-05-26,1.769838,-1.45235,"8,067.90",-1.25%,-0.01,-1.25,"1,734.80",0.78%,"2,991.77",1.23%
2020-05-27,1.741909,-1.57805,"8,362.20",3.65%,0.04,3.65,"1,714.80",0.00%,"3,036.13",1.48%
2020-05-28,1.769746,1.598074,"8,644.00",3.37%,0.03,3.37,"1,734.30",0.13%,"3,029.73",-0.21%
2020-05-29,1.837371,3.82117,"8,504.40",-1.62%,-0.02,-1.62,"1,740.70",1.32%,"3,044.31",0.48%
2020-05-30,1.840746,0.183686,"8,718.60",2.52%,0.0252,2.52,,,,
2020-05-31,1.934803,5.109722,"8,514.50",-2.34%,-0.0234,-2.34,,,,
2020-06-01,1.936754,0.100837,"9,101.10",6.89%,0.07,6.89,"1,751.60",-0.11%,"3,055.73",0.38%
2020-06-02,1.990774,2.789203,"8,530.50",-6.27%,-0.06,-6.27,"1,743.40",-0.79%,"3,080.82",0.82%
2020-06-03,1.96918,-1.0847,"8,610.90",0.94%,0.01,0.94,"1,707.50",-1.50%,"3,122.87",1.36%
2020-06-04,1.984839,0.795204,"8,650.40",0.46%,0.00,0.46,"1,718.50",1.33%,"3,112.35",-0.34%
2020-06-05,1.991132,0.317053,"8,547.50",-1.19%,-0.01,-1.19,"1,690.10",-2.55%,"3,193.93",2.62%
2020-06-06,1.973519,-0.88457,"8,584.30",0.43%,0.0043,0.43,,,,
2020-06-07,1.987694,0.71826,"8,630.10",0.53%,0.0053,0.53,,,,
2020-06-08,1.976521,-0.56211,"8,649.90",0.23%,0.00,0.23,"1,700.10",1.29%,"3,232.39",1.20%
2020-06-09,1.989847,0.674215,"8,634.30",-0.18%,0.00,-0.18,"1,715.90",0.96%,"3,207.18",-0.78%
2020-06-10,1.986309,-0.1778,"8,712.00",0.90%,0.01,0.90,"1,732.80",-0.07%,"3,190.14",-0.53%
2020-06-11,1.996438,0.509941,"8,221.40",-5.63%,-0.06,-5.63,"1,746.00",1.07%,"3,002.10",-5.89%
2020-06-12,1.910673,-4.2959,"8,417.50",2.39%,0.02,2.39,"1,746.90",-0.14%,"3,041.31",1.31%
2020-06-13,,,"8,422.10",0.05%,0.0005,0.05,,,,
2020-06-14,,,"8,299.40",-1.46%,-0.0146,-1.46,,,,
2020-06-15,1.791442,-6.24026,"8,321.30",0.26%,0.00,0.26,"1,724.60",-0.59%,"3,066.59",0.83%
2020-06-16,1.895451,5.805882,"8,461.30",1.68%,0.02,1.68,"1,739.80",0.54%,"3,124.74",1.90%
2020-06-17,1.888695,-0.35643,"8,425.50",-0.42%,0.00,-0.42,"1,735.60",-0.06%,"3,113.49",-0.36%
2020-06-18,1.919923,1.653417,"8,380.00",-0.54%,-0.01,-0.54,"1,739.60",-0.31%,"3,115.34",0.06%
2020-06-19,1.878118,-2.17743,"8,329.30",-0.61%,-0.01,-0.61,"1,745.50",1.18%,"3,097.74",-0.56%
2020-06-20,1.899036,1.113775,"8,373.80",0.53%,0.0053,0.53,,,,
2020-06-21,1.903582,0.239385,"8,314.80",-0.70%,-0.007,-0.7,,,,
2020-06-22,1.92165,0.949158,"8,587.30",3.28%,0.03,3.28,"1,769.00",0.74%,"3,117.86",0.65%
2020-06-23,1.973877,2.717821,"8,516.50",-0.82%,-0.01,-0.82,"1,774.00",0.86%,"3,131.29",0.43%
2020-06-24,2.006362,1.645746,"8,271.50",-2.88%,-0.03,-2.88,"1,787.80",-0.25%,"3,050.33",-2.59%
2020-06-25,1.898287,-5.38662,"8,251.90",-0.24%,0.00,-0.24,"1,781.60",-0.23%,"3,083.76",1.10%
2020-06-26,1.953267,2.896295,"8,176.70",-0.91%,-0.01,-0.91,"1,772.00",0.56%,"3,009.05",-2.42%
2020-06-27,1.925731,-1.40974,"8,052.30",-1.52%,-0.0152,-1.52,,,,
2020-06-28,1.852338,-3.81118,"8,138.20",1.07%,0.0107,1.07,,,,
2020-06-29,1.905376,2.8633,"8,167.50",0.36%,0.00,0.36,"1,795.30",0.09%,"3,053.24",1.47%
2020-06-30,1.923638,0.958446,"8,145.30",-0.27%,0.00,-0.27,"1,794.00",1.13%,"3,100.29",1.54%
2020-07-01,1.907764,-0.82521,"8,219.00",0.90%,0.01,0.90,"1,789.80",-1.02%,"3,115.86",0.50%
2020-07-02,1.9854,4.069476,"8,109.00",-1.34%,-0.01,-1.34,"1,788.30",0.56%,"3,130.01",0.45%
2020-07-03,1.95623,-1.46923,"8,077.00",-0.39%,0.00,-0.39,"1,783.65",-1.35%,,
2020-07-04,1.973373,0.876328,"8,133.30",0.70%,0.007,0.7,,,,
2020-07-05,1.980435,0.357864,"8,086.40",-0.58%,-0.0058,-0.58,,,,
2020-07-06,1.967398,-0.65829,"8,262.50",2.18%,0.02,2.18,"1,801.60",1.59%,"3,179.72",1.59%
2020-07-07,2.092003,6.333492,"8,230.50",-0.39%,0.00,-0.39,"1,804.80",1.00%,"3,145.32",-1.08%
2020-07-08,2.213732,5.818778,"8,341.50",1.35%,0.01,1.35,"1,829.10",0.89%,"3,169.94",0.78%
2020-07-09,2.213665,-0.00303,"8,202.70",-1.66%,-0.02,-1.66,"1,829.60",-0.92%,"3,152.05",-0.56%
2020-07-10,2.189186,-1.10581,"8,235.80",0.40%,0.00,0.40,"1,825.50",-0.12%,"3,185.04",1.05%
2020-07-11,2.192385,0.146127,"8,201.90",-0.41%,-0.0041,-0.41,,,,
2020-07-12,2.226113,1.538416,"8,243.60",0.51%,0.0051,0.51,,,,
2020-07-13,2.405461,8.056554,"8,160.90",-1.00%,-0.01,-1.00,"1,831.60",0.68%,"3,155.22",-0.94%
2020-07-14,2.286215,-4.9573,"8,128.50",-0.40%,0.00,-0.40,"1,819.30",-0.12%,"3,197.52",1.34%
2020-07-15,2.396629,4.829555,"8,057.70",-0.87%,-0.01,-0.87,"1,831.90",0.01%,"3,226.56",0.91%
2020-07-16,2.405353,0.364011,"8,024.90",-0.41%,0.00,-0.41,"1,819.90",-0.82%,"3,215.57",-0.34%
2020-07-17,2.37062,-1.44399,"8,032.90",0.10%,0.00,0.10,"1,821.00",0.39%,"3,224.73",0.28%
2020-07-18,2.333717,-1.55668,"8,051.50",0.23%,0.0023,0.23,,,,
2020-07-19,2.350326,0.711697,"8,071.90",0.25%,0.0025,0.25,,,,
2020-07-20,2.37787,1.171923,"8,022.20",-0.62%,-0.01,-0.62,"1,830.70",0.35%,"3,251.84",0.84%
2020-07-21,2.325239,-2.21337,"8,163.60",1.76%,0.02,1.76,"1,839.90",1.60%,"3,257.30",0.17%
2020-07-22,2.347695,0.96575,"8,249.20",1.05%,0.01,1.05,"1,867.80",1.23%,"3,276.02",0.57%
2020-07-23,2.462615,4.895014,"8,307.20",0.70%,0.01,0.70,"1,890.40",1.31%,"3,235.66",-1.23%
2020-07-24,2.478349,0.638914,"8,222.40",-1.02%,-0.01,-1.02,"1,908.00",0.41%,"3,215.63",-0.62%
2020-07-25,2.555854,3.127284,"8,356.40",1.63%,0.0163,1.63,,,,
2020-07-26,2.662222,4.16174,"8,529.40",2.07%,0.0207,2.07,,,,
2020-07-27,2.727639,2.457233,"9,336.20",9.46%,0.09,9.46,"1,926.80",1.57%,"3,239.41",0.74%
2020-07-28,2.816407,3.25439,"9,338.20",0.02%,0.00,0.02,"1,927.50",0.43%,"3,218.44",-0.65%
2020-07-29,2.842987,0.943756,"9,448.80",1.18%,0.01,1.18,"1,955.70",0.65%,"3,258.44",1.24%
2020-07-30,2.846371,0.11903,"9,384.10",-0.68%,-0.01,-0.68,"1,952.30",-0.50%,"3,246.22",-0.38%
2020-07-31,2.87403,0.971729,"9,648.00",2.81%,0.03,2.81,"1,971.40",0.97%,"3,271.12",0.77%
2020-08-01,2.964889,3.16138,"10,043.10",4.10%,0.041,4.1,,,,
2020-08-02,3.191233,7.634148,"9,400.10",-6.40%,-0.064,-6.4,,,,
2020-08-03,3.077563,-3.56195,"9,571.80",1.83%,0.02,1.83,"1,975.20",0.02%,"3,294.61",0.72%
2020-08-04,3.13816,1.968993,"9,501.00",-0.74%,-0.01,-0.74,"1,982.60",1.75%,"3,306.51",0.36%
2020-08-05,3.198622,1.92667,"9,912.70",4.33%,0.04,4.33,"2,027.50",1.40%,"3,327.77",0.64%
2020-08-06,3.263124,2.016556,"9,934.10",0.22%,0.00,0.22,"2,049.00",0.98%,"3,349.16",0.64%
2020-08-07,3.22454,-1.18243,"9,865.70",-0.69%,-0.01,-0.69,"2,024.80",-2.00%,"3,351.28",0.06%
2020-08-08,3.177941,-1.44514,"9,999.50",1.36%,0.0136,1.36,,,,
2020-08-09,3.30895,4.122449,"9,941.50",-0.58%,-0.0058,-0.58,,,,
2020-08-10,3.3231,0.427628,"10,137.40",1.97%,0.02,1.97,"2,027.80",0.58%,"3,360.47",0.27%
2020-08-11,3.348747,0.771779,"9,720.90",-4.11%,-0.04,-4.11,"1,911.30",-4.58%,"3,333.69",-0.80%
2020-08-12,3.189153,-4.76578,"9,829.90",1.12%,0.01,1.12,"1,874.20",0.14%,"3,380.35",1.40%
2020-08-13,3.293362,3.267607,"9,974.20",1.47%,0.01,1.47,"1,923.00",1.10%,"3,373.43",-0.20%
2020-08-14,3.471579,5.4114,"9,960.80",-0.13%,0.00,-0.13,"1,939.10",-1.05%,"3,372.85",-0.02%
2020-08-15,3.534327,1.807477,"10,027.10",0.67%,0.0067,0.67,,,,
2020-08-16,3.572679,1.085129,"10,063.90",0.37%,0.0037,0.37,,,,
2020-08-17,3.572722,0.001204,"10,359.70",2.94%,0.03,2.94,"1,939.10",2.51%,"3,381.99",0.27%
2020-08-18,3.660376,2.453423,"10,032.10",-3.16%,-0.03,-3.16,"1,985.20",0.72%,"3,389.78",0.23%
2020-08-19,3.542773,-3.21287,"9,941.20",-0.91%,-0.01,-0.91,"1,930.50",-2.13%,"3,374.85",-0.44%
2020-08-20,3.419292,-3.48543,"10,011.70",0.71%,0.01,0.71,"1,928.90",-1.21%,"3,385.51",0.32%
2020-08-21,3.473425,1.583164,"9,794.30",-2.17%,-0.02,-2.17,"1,916.60",0.03%,"3,397.16",0.34%
2020-08-22,3.329353,-4.14784,"9,914.50",1.23%,0.0123,1.23,,,,
2020-08-23,3.370591,1.238619,"9,894.80",-0.20%,-0.002,-0.2,,,,
2020-08-24,3.362769,-0.23207,"9,987.00",0.93%,0.01,0.93,"1,930.80",-0.40%,"3,431.28",1.00%
2020-08-25,3.420847,1.727089,"9,595.20",-3.92%,-0.04,-3.92,"1,919.10",-0.83%,"3,443.62",0.36%
2020-08-26,3.223122,-5.78,"9,693.50",1.02%,0.01,1.02,"1,908.40",1.53%,"3,478.73",1.02%
2020-08-27,3.284536,1.90542,"9,597.60",-0.99%,-0.01,-0.99,"1,914.70",-1.02%,"3,484.55",0.17%
2020-08-28,3.209828,-2.27454,"9,706.50",1.14%,0.01,1.14,"1,928.20",2.19%,"3,508.01",0.67%
2020-08-29,3.26853,1.828821,"9,670.10",-0.38%,-0.0038,-0.38,,,,
2020-08-30,3.331001,1.911287,"9,839.40",1.75%,0.0175,1.75,,,,
2020-08-31,3.403058,2.163224,"9,783.50",-0.57%,-0.01,-0.57,"1,962.30",0.19%,"3,500.31",-0.22%
2020-09-01,3.436372,0.978943,"10,007.70",2.29%,0.02,2.29,"1,969.20",0.02%,"3,526.65",0.75%
2020-09-02,3.682974,7.176231,"9,643.50",-3.64%,-0.04,-3.64,"1,938.90",-1.73%,"3,580.84",1.54%
2020-09-03,3.43031,-6.86033,"8,625.00",-10.56%,-0.11,-10.56,"1,927.20",-0.35%,"3,455.06",-3.51%
2020-09-04,3.178766,-7.33298,"8,860.20",2.73%,0.03,2.73,"1,921.60",-0.18%,"3,426.96",-0.81%
2020-09-05,3.125735,-1.66829,"8,602.70",-2.91%,-0.0291,-2.91,,,,
2020-09-06,2.79802,-10.4844,"8,678.30",0.88%,0.01,0.88,"1,937.65",0.33%,,
2020-09-07,2.938788,5.030986,"8,792.80",1.32%,0.01,1.32,"1,930.45",-0.18%,,
2020-09-08,2.869155,-2.36945,"8,617.50",-1.99%,-0.02,-1.99,"1,911.70",0.31%,"3,331.84",-2.78%
2020-09-09,2.838428,-1.07094,"8,679.90",0.72%,0.01,0.72,"1,926.30",0.60%,"3,398.96",2.01%
2020-09-10,2.920579,2.894243,"8,770.90",1.05%,0.01,1.05,"1,948.60",0.48%,"3,339.19",-1.76%
2020-09-11,2.982824,2.131255,"8,795.00",0.27%,0.00,0.27,"1,944.00",-0.83%,"3,340.97",0.05%
2020-09-12,2.979508,-0.11117,"8,831.50",0.41%,0.0041,0.41,,,,
2020-09-13,3.035974,1.895145,"8,740.50",-1.03%,-0.0103,-1.03,,,,
2020-09-14,2.954454,-2.68513,"9,011.00",3.09%,0.03,3.09,"1,945.20",0.81%,"3,383.54",1.27%
2020-09-15,3.049846,3.228752,"9,118.30",1.19%,0.01,1.19,"1,955.60",0.13%,"3,401.20",0.52%
2020-09-16,3.017266,-1.06825,"9,285.80",1.84%,0.02,1.84,"1,957.20",0.22%,"3,385.49",-0.46%
2020-09-17,3.024699,0.246349,"9,246.00",-0.43%,0.00,-0.43,"1,938.20",-1.05%,"3,357.01",-0.84%
2020-09-18,3.091946,2.223263,"9,245.40",-0.01%,0.00,-0.01,"1,951.10",0.63%,"3,319.47",-1.12%
2020-09-19,3.033211,-1.89961,"9,370.80",1.36%,0.0136,1.36,,,,
2020-09-20,3.05095,0.584826,"9,233.30",-1.47%,-0.0147,-1.47,,,,
2020-09-21,2.965365,-2.80519,"8,868.80",-3.95%,-0.04,-3.95,"1,885.40",-2.62%,"3,281.06",-1.16%
2020-09-22,2.831285,-4.52153,"9,003.70",1.52%,0.02,1.52,"1,898.90",-0.16%,"3,315.57",1.05%
2020-09-23,2.866012,1.226546,"8,790.20",-2.37%,-0.02,-2.37,"1,856.00",-2.05%,"3,236.92",-2.37%
2020-09-24,2.741229,-4.35389,"9,192.30",4.57%,0.05,4.57,"1,851.00",0.45%,"3,246.59",0.30%
2020-09-25,2.890598,5.448979,"9,196.20",0.04%,0.00,0.04,"1,854.10",-0.56%,"3,298.46",1.60%
2020-09-26,3.002638,3.876015,"9,226.90",0.33%,0.0033,0.33,,,,
2020-09-27,2.964958,-1.2549,"9,262.30",0.38%,0.0038,0.38,,,,
2020-09-28,2.985099,0.679301,"9,164.00",-1.06%,-0.01,-1.06,"1,851.10",0.86%,"3,351.60",1.61%
2020-09-29,3.05016,2.179526,"9,240.60",0.84%,0.01,0.84,"1,880.80",1.11%,"3,335.47",-0.48%
2020-09-30,2.970572,-2.60931,"9,196.60",-0.48%,0.00,-0.48,"1,885.80",-0.40%,"3,363.00",0.83%
2020-10-01,2.955388,-0.51115,"9,051.70",-1.57%,-0.02,-1.57,"1,890.00",1.10%,"3,380.80",0.53%
2020-10-02,2.917508,-1.28173,"9,033.30",-0.20%,0.00,-0.20,"1,895.20",-0.45%,"3,348.44",-0.96%
2020-10-03,2.846934,-2.41898,"9,024.60",-0.10%,-0.001,-0.1,,,,
2020-10-04,2.899836,1.85821,"9,109.70",0.94%,0.0094,0.94,,,,
2020-10-05,2.921085,0.732766,"9,151.00",0.45%,0.00,0.45,"1,891.20",0.66%,"3,408.63",1.80%
2020-10-06,2.925896,0.164699,"9,039.60",-1.22%,-0.01,-1.22,"1,878.20",-0.59%,"3,360.95",-1.40%
2020-10-07,2.847928,-2.66476,"9,072.90",0.37%,0.00,0.37,"1,877.10",-0.94%,"3,419.45",1.74%
2020-10-08,2.85978,0.416162,"9,283.70",2.32%,0.02,2.32,"1,885.30",0.23%,"3,446.83",0.80%
2020-10-09,2.930407,2.469665,"9,348.70",0.70%,0.01,0.70,"1,898.00",1.64%,"3,477.13",0.88%
2020-10-10,3.010031,2.717165,"9,522.70",1.86%,0.0186,1.86,,,,
2020-10-11,3.082473,2.406686,"9,621.40",1.04%,0.0104,1.04,,,,
2020-10-12,3.077853,-0.14988,"9,757.40",1.41%,0.01,1.41,"1,923.80",0.14%,"3,534.22",1.64%
2020-10-13,3.212362,4.370222,"9,736.30",-0.22%,0.00,-0.22,"1,889.30",-1.78%,"3,511.93",-0.63%
2020-10-14,3.181512,-0.96035,"9,738.20",0.02%,0.00,0.02,"1,885.00",0.67%,"3,488.67",-0.66%
2020-10-15,3.111558,-2.19877,"9,830.00",0.94%,0.01,0.94,"1,892.70",0.08%,"3,483.34",-0.15%
2020-10-16,3.12737,0.50817,"9,674.80",-1.58%,-0.02,-1.58,"1,901.10",-0.13%,"3,483.81",0.01%
2020-10-17,3.0549,-2.31728,"9,705.00",0.31%,0.0031,0.31,,,,
2020-10-18,3.066077,0.365871,"9,827.20",1.26%,0.0126,1.26,,,,
2020-10-19,3.111809,1.491548,"9,987.30",1.63%,0.02,1.63,"1,900.20",0.28%,"3,426.92",-1.63%
2020-10-20,3.136584,0.796161,"10,079.90",0.93%,0.01,0.93,"1,896.60",0.19%,"3,443.12",0.47%
2020-10-21,3.057852,-2.51012,"10,770.40",6.85%,0.07,6.85,"1,911.60",0.74%,"3,435.56",-0.22%
2020-10-22,3.252747,6.373592,"10,980.90",1.95%,0.02,1.95,"1,894.20",-1.29%,"3,453.49",0.52%
2020-10-23,3.389424,4.201895,"10,893.70",-0.79%,-0.01,-0.79,"1,895.20",0.03%,"3,465.39",0.34%
2020-10-24,3.30445,-2.50703,"11,046.70",1.40%,0.014,1.4,,,,
2020-10-25,3.331341,0.813781,"10,998.00",-0.44%,-0.0044,-0.44,,,,
2020-10-26,3.308769,-0.67756,"11,076.00",0.71%,0.01,0.71,"1,892.50",0.03%,"3,400.97",-1.86%
2020-10-27,3.259763,-1.48109,"11,621.00",4.92%,0.05,4.92,"1,898.70",0.33%,"3,390.68",-0.30%
2020-10-28,3.3657,3.249837,"11,319.10",-2.60%,-0.03,-2.60,"1,869.10",-1.71%,"3,271.03",-3.53%
2020-10-29,3.24501,-3.58588,"11,529.40",1.86%,0.02,1.86,"1,859.20",-0.60%,"3,310.11",1.19%
2020-10-30,3.238611,-0.1972,"11,644.10",0.99%,0.01,0.99,"1,863.30",0.64%,"3,269.96",-1.21%
2020-10-31,3.24871,0.311831,"11,850.60",1.77%,0.0177,1.77,,,,
2020-11-01,3.304558,1.719082,"11,822.60",-0.24%,-0.0024,-0.24,,,,
2020-11-02,3.324067,0.590366,"11,659.40",-1.38%,-0.01,-1.38,"1,873.30",0.67%,"3,310.24",1.23%
2020-11-03,3.244509,-2.39339,"11,929.40",2.32%,0.02,2.32,"1,887.60",0.95%,"3,369.16",1.78%
2020-11-04,3.244492,-0.00052,"12,067.30",1.16%,0.01,1.16,"1,881.80",-0.74%,"3,443.44",2.20%
2020-11-05,3.318488,2.280665,"13,189.90",9.30%,0.09,9.30,"1,902.20",2.67%,"3,510.45",1.95%
2020-11-06,3.486949,5.076438,"13,137.10",-0.40%,0.00,-0.40,"1,937.20",0.25%,"3,509.44",-0.03%
2020-11-07,3.656806,4.871221,"12,429.00",-5.39%,-0.0539,-5.39,,,,
2020-11-08,3.486412,-4.65964,"12,985.10",4.47%,0.0447,4.47,,,,
2020-11-09,3.640005,4.405475,"12,960.40",-0.19%,0.00,-0.19,"1,848.00",-4.99%,"3,550.50",1.17%
2020-11-10,3.60317,-1.01195,"12,969.00",0.07%,0.00,0.07,"1,858.90",1.19%,"3,545.53",-0.14%
2020-11-11,3.687537,2.341466,"13,328.00",2.77%,0.03,2.77,"1,853.90",-0.79%,"3,572.66",0.77%
2020-11-12,3.753833,1.79784,"13,819.90",3.69%,0.04,3.69,"1,860.70",0.63%,"3,537.01",-1.00%
2020-11-13,3.750648,-0.08485,"13,803.00",-0.12%,0.00,-0.12,"1,872.10",0.69%,"3,585.15",1.36%
2020-11-14,3.816149,1.746392,"13,599.80",-1.47%,-0.0147,-1.47,,,,
2020-11-15,3.736977,-2.07466,"13,491.60",-0.80%,-0.008,-0.8,,,,
2020-11-16,3.659647,-2.06932,"14,094.90",4.47%,0.04,4.47,"1,861.50",0.08%,"3,626.91",1.16%
2020-11-17,3.806823,4.02159,"14,890.00",5.64%,0.06,5.64,"1,876.30",-0.14%,"3,609.53",-0.48%
2020-11-18,3.976298,4.451875,"15,012.40",0.82%,0.01,0.82,"1,860.30",-0.59%,"3,567.79",-1.16%
2020-11-19,3.979025,0.068581,"15,033.20",0.14%,0.00,0.14,"1,850.00",-0.66%,"3,581.87",0.39%
2020-11-20,3.974187,-0.12159,"15,743.10",4.72%,0.05,4.72,"1,859.10",0.59%,"3,557.54",-0.68%
2020-11-21,4.190885,5.452637,"15,743.50",0.00%,0,0,,,,
2020-11-22,4.570661,9.061952,"15,529.40",-1.36%,-0.0136,-1.36,,,,
2020-11-23,4.736027,3.617989,"15,528.10",-0.01%,0.00,-0.01,"1,828.00",-1.85%,"3,577.59",0.56%
2020-11-24,5.118362,8.072906,"16,114.20",3.77%,0.04,3.77,"1,803.70",-1.46%,"3,635.41",1.62%
2020-11-25,5.304745,3.641458,"15,728.00",-2.40%,-0.02,-2.40,"1,804.70",0.02%,"3,629.65",-0.16%
2020-11-26,5.041303,-4.96616,"14,410.20",-8.38%,-0.08,-8.38,"1,804.20",-0.23%,,
2020-11-27,4.522483,-10.2914,"14,342.60",-0.47%,0.00,-0.47,"1,776.50",-1.05%,"3,638.35",0.24%
2020-11-28,4.462637,-1.3233,"14,849.00",3.53%,0.0353,3.53,,,,
2020-11-29,4.828868,8.206605,"15,207.00",2.41%,0.0241,2.41,,,,
2020-11-30,4.900536,1.484157,"16,427.40",8.03%,0.08,8.03,"1,767.20",-0.40%,"3,621.63",-0.46%
2020-12-01,5.227302,6.667964,"15,578.50",-5.17%,-0.05,-5.17,"1,778.40",2.13%,"3,662.45",1.13%
2020-12-02,4.966768,-4.9841,"15,877.50",1.92%,0.02,1.92,"1,810.50",0.62%,"3,669.01",0.18%
2020-12-03,4.996902,0.606712,"16,020.70",0.90%,0.01,0.90,"1,826.70",0.60%,"3,666.72",-0.06%
2020-12-04,5.097862,2.020452,"15,417.30",-3.77%,-0.04,-3.77,"1,832.00",-0.06%,"3,699.12",0.88%
2020-12-05,4.708313,-7.64142,"15,824.90",2.64%,0.0264,2.64,,,,
2020-12-06,4.891999,3.901312,"15,983.70",1.00%,0.01,1,,,,
2020-12-07,4.950562,1.197118,"15,843.60",-0.88%,-0.01,-0.88,"1,824.80",1.41%,"3,691.96",-0.19%
2020-12-08,4.908771,-0.84417,"15,143.50",-4.42%,-0.04,-4.42,"1,863.90",0.48%,"3,702.25",0.28%
2020-12-09,4.60584,-6.17122,"15,375.30",1.53%,0.02,1.53,"1,828.20",-1.94%,"3,672.82",-0.79%
2020-12-10,4.774771,3.667757,"15,037.60",-2.20%,-0.02,-2.20,"1,831.50",-0.06%,"3,668.10",-0.13%
2020-12-11,4.644046,-2.73783,"14,893.30",-0.96%,-0.01,-0.96,"1,826.80",0.34%,"3,663.46",-0.13%
2020-12-12,4.609147,-0.75148,"15,545.50",4.38%,0.0438,4.38,,,,
2020-12-13,4.673265,1.391103,"15,786.60",1.55%,0.0155,1.55,,,,
2020-12-14,4.755949,1.769298,"15,864.10",0.49%,0.00,0.49,"1,820.00",-0.62%,"3,647.49",-0.44%
2020-12-15,4.776917,0.440879,"15,997.50",0.84%,0.01,0.84,"1,828.50",1.27%,"3,694.62",1.29%
2020-12-16,4.737698,-0.82101,"17,506.40",9.43%,0.09,9.43,"1,848.20",0.20%,"3,701.17",0.18%
2020-12-17,5.140738,8.507085,"18,598.00",6.24%,0.06,6.24,"1,865.90",1.68%,"3,722.48",0.58%
2020-12-18,5.318467,3.457266,"18,872.00",1.47%,0.01,1.47,"1,881.90",-0.08%,"3,709.41",-0.35%
2020-12-19,5.328134,0.181763,"19,403.90",2.82%,0.0282,2.82,,,,
2020-12-20,5.429048,1.893984,"19,203.30",-1.03%,-0.0103,-1.03,,,,
2020-12-21,5.266448,-2.995,"18,592.00",-3.18%,-0.03,-3.18,"1,859.00",-0.32%,"3,694.92",-0.39%
2020-12-22,5.126019,-2.66648,"19,535.70",5.08%,0.05,5.08,"1,863.70",-0.66%,"3,687.26",-0.21%
2020-12-23,5.10975,-0.31738,"19,091.70",-2.27%,-0.02,-2.27,"1,860.90",0.42%,"3,690.01",0.07%
2020-12-24,4.576007,-10.4456,"19,479.50",2.03%,0.02,2.03,"1,873.10",0.27%,"3,703.06",0.35%
2020-12-25,4.892582,6.918149,"20,229.40",3.85%,0.0385,3.85,,,,
2020-12-26,4.943649,1.043764,"21,648.20",7.01%,0.0701,7.01,,,,
2020-12-27,5.06067,2.367098,"21,360.50",-1.33%,-0.0133,-1.33,,,,
2020-12-28,5.173456,2.228677,"22,133.50",3.62%,0.04,3.62,"1,873.00",-0.15%,"3,735.36",0.87%
2020-12-29,5.396567,4.31261,"22,333.60",0.90%,0.01,0.90,"1,875.60",0.13%,"3,727.04",-0.22%
2020-12-30,5.381176,-0.2852,"23,481.30",5.14%,0.05,5.14,"1,879.50",0.56%,"3,732.04",0.13%
2020-12-31,5.497647,2.164415,"23,681.90",0.85%,0.01,0.85,"1,889.10",0.09%,"3,756.07",0.64%
2021-01-01,5.549117,0.936219,"24,035.60",1.49%,0.01,1.49,"1,901.60",0.34%,,
2021-01-02,5.554798,0.102377,"25,930.10",7.88%,0.0788,7.88,,,,
2021-01-03,5.775749,3.97766,"26,013.80",0.32%,0.0032,0.32,,,,
2021-01-04,6.402525,10.85186,"26,105.20",0.35%,0.00,0.35,"1,906.10",2.37%,"3,700.65",-1.48%
2021-01-05,6.643146,3.75822,"27,638.80",5.87%,0.06,5.87,"1,938.40",0.40%,"3,726.86",0.71%
2021-01-06,7.286299,9.681452,"29,820.40",7.89%,0.08,7.89,"1,902.60",-2.34%,"3,748.14",0.57%
2021-01-07,8.057765,10.5879,"32,006.00",7.33%,0.07,7.33,"1,907.50",0.26%,"3,803.79",1.48%
2021-01-08,8.295908,2.955447,"33,099.70",3.42%,0.03,3.42,"1,827.80",-4.09%,"3,824.68",0.55%
2021-01-09,8.262503,-0.40267,"32,369.90",-2.20%,-0.022,-2.2,,,,
2021-01-10,8.569197,3.711878,"31,026.20",-4.15%,-0.0415,-4.15,,,,
2021-01-11,8.313849,-2.97984,"29,107.50",-6.18%,-0.06,-6.18,"1,817.10",0.84%,"3,799.61",-0.66%
2021-01-12,7.348896,-11.6066,"27,928.40",-4.05%,-0.04,-4.05,"1,835.80",-0.36%,"3,801.19",0.04%
2021-01-13,7.318399,-0.41499,"30,737.00",10.06%,0.10,10.06,"1,841.60",0.58%,"3,809.84",0.23%
2021-01-14,7.961185,8.783151,"32,215.50",4.81%,0.05,4.81,"1,826.60",-0.19%,"3,795.54",-0.38%
2021-01-15,8.26477,3.813314,"30,502.40",-5.32%,-0.05,-5.32,"1,822.10",-1.16%,"3,768.25",-0.72%
2021-01-16,8.213937,-0.61506,"29,823.80",-2.22%,-0.0222,-2.22,,,,
2021-01-17,8.656492,5.387855,"29,632.00",-0.64%,-0.01,-0.64,"1,803.60",-1.10%,,
2021-01-18,9.032447,4.343041,"30,290.10",2.22%,0.02,2.22,"1,809.65",1.48%,,
2021-01-19,8.898496,-1.483,"29,641.20",-2.14%,-0.02,-2.14,"1,800.80",0.20%,"3,798.91",0.81%
2021-01-20,9.228103,3.704075,"29,298.10",-1.16%,-0.01,-1.16,"1,831.10",1.43%,"3,851.85",1.39%
2021-01-21,8.905793,-3.4927,"25,353.40",-13.46%,-0.13,-13.46,"1,857.50",-0.03%,"3,853.07",0.03%
2021-01-22,7.642128,-14.1892,"27,133.30",7.02%,0.07,7.02,"1,836.30",-0.52%,"3,841.47",-0.30%
2021-01-23,8.336962,9.092153,"26,385.60",-2.76%,-0.0276,-2.76,,,,
2021-01-24,8.53979,2.432877,"26,522.70",0.52%,0.0052,0.52,,,,
2021-01-25,8.790107,2.931184,"26,615.20",0.35%,0.00,0.35,"1,850.00",0.15%,"3,855.36",0.36%
2021-01-26,8.653711,-1.5517,"26,734.20",0.45%,0.00,0.45,"1,851.10",-0.23%,"3,849.62",-0.15%
2021-01-27,8.68131,0.318927,"25,153.70",-5.91%,-0.06,-5.91,"1,832.40",-0.32%,"3,750.77",-2.57%
2021-01-28,8.030758,-7.49371,"27,542.50",9.50%,0.10,9.50,"1,835.60",-0.42%,"3,787.38",0.98%
2021-01-29,8.786275,9.407792,"28,294.50",2.73%,0.03,2.73,"1,841.20",0.49%,"3,714.24",-1.93%
2021-01-30,8.928529,1.619048,"28,266.60",-0.10%,-0.001,-0.1,,,,
2021-01-31,9.333497,4.535663,"27,355.50",-3.22%,-0.0322,-3.22,,,,
2021-02-01,9.354319,0.223089,"27,796.70",1.61%,0.02,1.61,"1,851.70",0.74%,"3,773.86",1.61%
2021-02-02,9.950205,6.37017,"29,482.00",6.06%,0.06,6.06,"1,830.40",-1.64%,"3,826.31",1.39%
2021-02-03,10.67458,7.280041,"31,266.70",6.05%,0.06,6.05,"1,830.10",0.09%,"3,830.17",0.10%
2021-02-04,11.14751,4.430355,"30,933.70",-1.06%,-0.01,-1.06,"1,784.60",-2.39%,"3,871.74",1.09%
2021-02-05,11.19365,0.413931,"31,825.50",2.88%,0.03,2.88,"1,792.20",1.22%,"3,886.83",0.39%
2021-02-06,12.32534,10.11011,"32,617.50",2.49%,0.0249,2.49,,,,
2021-02-07,12.78791,3.753,"32,298.10",-0.98%,-0.0098,-0.98,,,,
2021-02-08,12.57971,-1.62813,"38,523.70",19.28%,0.19,19.28,"1,807.30",1.17%,"3,915.59",0.74%
2021-02-09,13.5087,7.384903,"38,407.10",-0.30%,0.00,-0.30,"1,830.30",0.18%,"3,911.23",-0.11%
2021-02-10,14.13712,4.651964,"37,032.00",-3.58%,-0.04,-3.58,"1,834.00",0.28%,"3,909.88",-0.03%
2021-02-11,15.58953,10.27369,"39,548.00",6.79%,0.07,6.79,"1,821.70",-0.86%,"3,916.38",0.17%
2021-02-12,17.75177,13.86986,"39,156.80",-0.99%,-0.01,-0.99,"1,810.10",-0.20%,"3,934.83",0.47%
2021-02-13,19.244,8.406056,"39,057.50",-0.25%,-0.0025,-0.25,,,,
2021-02-14,19.42689,0.950395,"40,205.60",2.94%,0.03,2.94,"1,820.15",-0.12%,,
2021-02-15,18.90958,-2.66286,"39,570.30",-1.58%,-0.02,-1.58,"1,815.60",-0.13%,,
2021-02-16,18.51761,-2.0729,"40,677.80",2.80%,0.03,2.80,"1,788.10",-1.09%,"3,932.59",-0.06%
2021-02-17,18.15149,-1.97711,"43,292.30",6.43%,0.06,6.43,"1,767.90",-1.46%,"3,931.33",-0.03%
2021-02-18,18.68655,2.947719,"42,740.50",-1.27%,-0.01,-1.27,"1,766.60",0.12%,"3,913.97",-0.44%
2021-02-19,19.23557,2.938071,"46,108.70",7.88%,0.08,7.88,"1,759.00",0.14%,"3,906.71",-0.19%
2021-02-20,19.52557,1.507613,"46,261.40",0.33%,0.0033,0.33,,,,
2021-02-21,20.829,6.675488,"47,427.40",2.52%,0.0252,2.52,,,,
2021-02-22,20.65966,-0.81298,"44,570.20",-6.02%,-0.06,-6.02,"1,778.60",1.74%,"3,876.50",-0.77%
2021-02-23,19.67303,-4.77566,"40,253.90",-9.68%,-0.10,-9.68,"1,794.50",-0.14%,"3,881.37",0.13%
2021-02-24,16.70475,-15.0881,"40,915.10",1.64%,0.02,1.64,"1,782.20",-0.44%,"3,925.43",1.14%
2021-02-25,17.83359,6.757642,"38,797.10",-5.18%,-0.05,-5.18,"1,763.90",-1.25%,"3,829.34",-2.45%
2021-02-26,17.79959,-0.19065,"38,480.50",-0.82%,-0.01,-0.82,"1,714.90",-2.62%,"3,811.15",-0.48%
2021-02-27,17.96309,0.918532,"38,358.80",-0.32%,-0.0032,-0.32,,,,
2021-02-28,18.87972,5.102836,"37,385.00",-2.54%,-0.0254,-2.54,,,,
2021-03-01,18.35141,-2.79826,"41,224.50",10.27%,0.10,10.27,"1,717.20",-0.34%,"3,901.82",2.38%
2021-03-02,19.63748,7.008011,"40,153.40",-2.60%,-0.03,-2.60,"1,704.60",0.62%,"3,870.29",-0.81%
2021-03-03,18.88007,-3.85699,"41,923.30",4.41%,0.04,4.41,"1,699.40",-1.03%,"3,819.72",-1.31%
2021-03-04,19.80268,4.88672,"40,493.40",-3.41%,-0.03,-3.41,"1,687.60",-0.88%,"3,768.47",-1.34%
2021-03-05,18.53464,-6.40336,"40,926.70",1.07%,0.01,1.07,"1,683.00",-0.13%,"3,841.94",1.95%
2021-03-06,19.1693,3.424161,"41,019.10",0.23%,0.0023,0.23,,,,
2021-03-07,18.90093,-1.39998,"42,709.90",4.12%,0.0412,4.12,,,,
2021-03-08,19.08025,0.948731,"44,115.20",3.29%,0.03,3.29,"1,673.30",-1.21%,"3,821.35",-0.54%
2021-03-09,19.64858,2.978629,"46,142.20",4.59%,0.05,4.59,"1,676.70",2.32%,"3,875.44",1.42%
2021-03-10,21.02952,7.028192,"46,888.20",1.62%,0.02,1.62,"1,705.60",0.29%,"3,898.81",0.60%
2021-03-11,20.27743,-3.57635,"45,687.00",-2.56%,-0.03,-2.56,"1,721.70",0.79%,,