Date,BTC-EUR (Price),BTC/EUR1,Gold (Price),Gold Futures,SPX-500 (Price),S&P 500 ,Myfund (Price),Myfund,MVIS Price,ITIF
2018-12-17,"3,116.30",0.09,"1,317.40",0.008,"2,545.94",-0.0208,1,0.01,1331.21,0.1231
2018-12-18,"3,250.80",0.04,"1,318.50",0.0008,"2,546.16",0.0001,1.025792,0.025792,1413.39,0.0617
2018-12-19,"3,259.60",0.00,"1,321.30",0.0021,"2,506.96",-0.0154,1.021829,-0.00386335631,1418.97,0.0039
2018-12-20,"3,586.50",0.10,"1,333.10",0.0089,"2,467.42",-0.0158,1.035229,0.01311374017,1624.37,0.1448
2018-12-21,"3,409.10",-0.05,"1,323.10",-0.0075,"2,416.62",-0.0206,1.025792,-0.00911585746,1541.73,-0.0509
2018-12-22,"3,530.70",0.04,,,,,1.025792,0,1601.08,0.0385
2018-12-23,"3,507.10",-0.01,,,,,1.016708,-0.00885559646,1654.1,0.0331
2018-12-24,"3,568.80",0.02,"1,337.00",0.0105,"2,351.10",-0.0271,1.090335,0.07241705583,1704.73,0.0306
2018-12-25,"3,353.10",-0.06,"1,270.65",-0.0496,,,1.009477,-0.07415885943,1590.08,-0.0673
2018-12-26,"3,393.20",0.01,"1,343.00",0.0532,"2,467.70",0.0496,1.02526,0.01563482873,1606.12,0.0101
2018-12-27,"3,179.40",-0.06,"1,346.50",0.0061,"2,488.83",0.0086,1.021572,-0.00359713634,1445.64,-0.0999
2018-12-28,"3,440.50",0.08,"1,348.30",0.0013,"2,485.74",-0.0012,1.070198,0.04759919027,1640.98,0.1351
2018-12-29,"3,303.50",-0.04,,,,,1.073075,0.00268828759,1575.83,-0.0397
2018-12-30,"3,403.30",0.03,,,,,1.08738,0.01333084826,1606.6,0.0195
2018-12-31,"3,256.50",-0.04,"1,347.10",-0.0009,"2,506.85",0.0085,1.036922,-0.04640328128,1516.67,-0.056
2019-01-01,"3,380.60",0.04,"1,282.85",-0.0473,,,1.094844,0.05585955356,1609.74,0.0614
2019-01-02,"3,476.40",0.03,"1,349.50",0.0515,"2,510.03",0.0013,1.205479,0.101050926,1677.11,0.0419
2019-01-03,"3,349.70",-0.04,"1,359.80",0.0076,"2,447.89",-0.0248,1.15953,-0.03811679838,1596.54,-0.048
2019-01-04,"3,389.90",0.01,"1,351.80",-0.0065,"2,531.94",0.0343,1.201825,0.03647598596,1621.98,0.0159
2019-01-05,"3,369.00",-0.01,,,,,1.210066,0.00685707154,1627.49,0.0034
2019-01-06,"3,571.70",0.06,,,,,1.226471,0.01355711176,1727.65,0.0615
2019-01-07,"3,521.70",-0.01,"1,355.20",0.0031,"2,549.69",0.007,1.248421,0.01789687649,1685.82,-0.0242
2019-01-08,"3,519.90",0.00,"1,351.10",-0.003,"2,574.41",0.0097,1.2679,0.0156029096,1696.55,0.0064
2019-01-09,"3,493.80",-0.01,"1,357.30",0.0046,"2,584.96",0.0041,1.275642,0.00610615979,1694.21,-0.0014
2019-01-10,"3,178.60",-0.09,"1,353.00",-0.0032,"2,596.64",0.0045,1.297121,0.01683779618,1477.94,-0.1277
2019-01-11,"3,192.60",0.00,"1,355.40",0.0018,"2,596.26",-0.0001,1.29084,-0.00484226221,1454.62,-0.0158
2019-01-12,"3,195.60",0.00,,,,,1.297328,0.0050261845,1460.99,0.0044
2019-01-13,"3,089.30",-0.03,,,,,1.299759,0.00187385149,1384.51,-0.0523
2019-01-14,"3,215.80",0.04,"1,357.20",0.0013,"2,582.61",-0.0053,1.29384,-0.00455392115,1476.33,0.0663
2019-01-15,"3,165.00",-0.02,"1,353.70",-0.0026,"2,610.30",0.0107,1.293632,-0.00016076176,1422.83,-0.0362
2019-01-16,"3,185.90",0.01,"1,359.30",0.0041,"2,616.10",0.0022,1.296631,0.00231827908,1435.97,0.0092
2019-01-17,"3,209.60",0.01,"1,357.90",-0.001,"2,635.96",0.0076,1.298256,0.00125324784,1450.63,0.0102
2019-01-18,"3,196.80",0.00,"1,348.10",-0.0072,"2,670.71",0.0132,1.294908,-0.00257884423,1419.66,-0.0213
2019-01-19,"3,274.80",0.02,,,,,1.294927,0.00001467286,1457.04,0.0263
2019-01-20,"3,136.60",-0.04,"1,280.50",-0.049,,,1.291738,-0.00246268709,1389.49,-0.0464
2019-01-21,"3,128.90",0.00,"1,276.15",-0.0023,,,1.291982,0.00018889279,1388.85,-0.0005
2019-01-22,"3,167.70",0.01,"1,348.40",0.0542,"2,632.90",-0.0142,1.29558,0.00278486852,1412.51,0.017
2019-01-23,"3,137.40",-0.01,"1,349.30",0.0007,"2,638.70",0.0022,1.294462,-0.00086293398,1410.27,-0.0016
2019-01-24,"3,186.10",0.02,"1,344.90",-0.0033,"2,642.33",0.0014,1.293693,-0.0005940692,1421.18,0.0077
2019-01-25,"3,140.50",-0.01,"1,360.00",0.0142,"2,664.76",0.0085,1.295311,0.00125068312,1404.19,-0.012
2019-01-26,"3,148.90",0.00,,,,,1.296252,0.00072646646,1399.93,-0.003
2019-01-27,"3,127.60",-0.01,,,,,1.299911,0.0028227536,1364.61,-0.0252
2019-01-28,"3,019.50",-0.03,"1,369.80",0.0043,"2,643.85",-0.0078,1.291585,-0.00640505388,1290.48,-0.0543
2019-01-29,"2,989.00",-0.01,"1,375.60",0.0042,"2,640.00",-0.0015,1.293118,0.00118691375,1270.7,-0.0153
2019-01-30,"3,026.50",0.01,"1,377.60",0.0002,"2,681.05",0.0155,1.291426,-0.00130846528,1327.69,0.0448
2019-01-31,"2,995.70",-0.01,"1,384.00",0.0059,"2,704.10",0.0086,1.295604,0.00323518343,1299.48,-0.0212
2019-02-01,"3,031.90",0.01,"1,382.60",-0.0021,"2,706.53",0.0009,1.290308,-0.00408766876,1308.14,0.0067
2019-02-02,"3,054.40",0.01,,,,,1.294425,0.00319071106,1346.54,0.0294
2019-02-03,"2,991.80",-0.02,,,,,1.299282,0.00375224521,1305.18,-0.0307
2019-02-04,"3,010.60",0.01,"1,378.30",-0.002,"2,724.87",0.0068,1.292104,-0.00552458973,1305.37,0.0001
2019-02-05,"3,027.50",0.01,"1,378.60",0.0002,"2,737.70",0.0047,1.298854,0.00522403769,1303.41,-0.0015
2019-02-06,"2,991.80",-0.01,"1,373.80",-0.0035,"2,731.61",-0.0022,1.297302,-0.0011948995,1263.68,-0.0305
2019-02-07,"2,976.10",-0.01,"1,373.60",-0.0001,"2,706.05",-0.0094,1.294053,-0.00250442842,1270.81,0.0056
2019-02-08,"3,220.50",0.08,"1,377.80",0.0031,"2,707.88",0.0007,1.290027,-0.00311115542,1451.08,0.1419
2019-02-09,"3,219.90",0.00,,,,,1.291396,0.0010612181,1457.85,0.0047
2019-02-10,"3,262.70",0.01,,,,,1.297407,0.00465465279,1485.38,0.0189
2019-02-11,"3,224.00",-0.01,"1,371.20",-0.0048,"2,709.80",0.0007,1.297388,-0.00001464459,1421.38,-0.0431
2019-02-12,"3,186.00",-0.01,"1,373.20",0.0015,"2,744.73",0.0129,1.29825,0.00066441188,1439.44,0.0127
2019-02-13,"3,199.30",0.00,"1,374.60",0.001,"2,753.03",0.003,1.298079,-0.00013171577,1415.68,-0.0165
2019-02-14,"3,184.40",0.00,"1,373.20",-0.001,"2,745.73",-0.0027,1.298158,0.00006085916,1407.4,-0.0058
2019-02-15,"3,188.00",0.00,"1,381.20",0.0058,"2,775.60",0.0109,1.29423,-0.00302582582,1425.81,0.0131
2019-02-16,"3,211.20",0.01,,,,,1.294151,-0.00006104016,1437.32,0.0081
2019-02-17,"3,248.40",0.01,"1,323.85",-0.0412,,,1.29871,0.00352277284,1472.97,0.0248
2019-02-18,"3,444.50",0.06,"1,324.05",0.004,,,1.295895,-0.00216753548,1595.79,0.0834
2019-02-19,"3,459.50",0.00,"1,403.90",0.0559,"2,779.76",0.0015,1.290064,-0.00449959295,1604.64,0.0055
2019-02-20,"3,509.50",0.01,"1,406.70",0.002,"2,784.70",0.0018,1.292718,0.00205726228,1669.81,0.0406
2019-02-21,"3,476.90",-0.01,"1,388.00",-0.0139,"2,774.88",-0.0035,1.296128,0.00263785296,1613.61,-0.0337
2019-02-22,"3,513.10",0.01,"1,392.50",0.0038,"2,792.67",0.0064,1.299142,0.00232538762,1641.16,0.0171
2019-02-23,"3,657.00",0.04,,,,,1.294635,-0.00346921276,1721.1,0.0487
2019-02-24,"3,326.10",-0.09,,,,,1.296203,0.00121115218,1489.49,-0.1346
2019-02-25,"3,382.20",0.02,"1,389.00",-0.0025,"2,796.11",0.0012,1.297069,0.00066810523,1560.06,0.0474
2019-02-26,"3,352.00",-0.01,"1,387.90",-0.0008,"2,793.90",-0.0008,1.293619,-0.00265984308,1535.38,-0.0158
2019-02-27,"3,361.00",0.00,"1,380.50",-0.0053,"2,792.38",-0.0005,1.29838,0.00368037266,1529.88,-0.0036
2019-02-28,"3,365.50",0.00,"1,374.00",-0.0038,"2,784.49",-0.0028,1.293201,-0.00398881683,1535.06,0.0034
2019-03-01,"3,371.70",0.00,"1,358.30",-0.0124,"2,803.69",0.0069,1.290791,-0.00186359274,1551.02,0.0104
2019-03-02,"3,393.60",0.01,,,,,1.293453,0.00206230133,1554.91,0.0025
2019-03-03,"3,371.40",-0.01,,,,,1.298214,0.00368084499,1542.63,-0.0079
2019-03-04,"3,291.50",-0.02,"1,346.30",-0.0088,"2,792.81",-0.0039,1.293383,-0.00372126629,1486.17,-0.0366
2019-03-05,"3,422.70",0.04,"1,343.50",-0.0021,"2,789.65",-0.0011,1.29152,-0.0014404086,1600.43,0.0769
2019-03-06,"3,424.40",0.00,"1,346.50",0.0022,"2,771.45",-0.0065,1.299061,0.00583885654,1623.88,0.0147
2019-03-07,"3,461.80",0.01,"1,344.90",-0.0012,"2,748.93",-0.0081,1.293152,-0.00454867015,1627.84,0.0024
2019-03-08,"3,446.00",0.00,"1,358.50",0.0101,"2,743.07",-0.0021,1.290606,-0.00196883274,1604.13,-0.0146
2019-03-09,"3,510.30",0.02,,,,,1.292686,0.001611646,1655.25,0.0319
2019-03-10,"3,493.00",0.00,,,,,1.293279,0.00045873476,1658.42,0.0019
2019-03-11,"3,444.90",-0.01,"1,350.00",-0.0063,"2,783.30",0.0147,1.290498,-0.00215034807,1631.63,-0.0162
2019-03-12,"3,443.10",0.00,"1,356.60",0.0049,"2,791.52",0.003,1.295241,0.00367532534,1654.03,0.0137
2019-03-13,"3,410.40",-0.01,"1,368.10",0.0085,"2,810.92",0.0069,1.296067,0.00063771916,1651.63,-0.0015
2019-03-14,"3,431.80",0.01,"1,352.90",-0.0111,"2,808.48",-0.0009,1.299565,0.00269893455,1658.52,0.0042
2019-03-15,"3,463.40",0.01,"1,360.60",0.0057,"2,822.48",0.005,1.290509,-0.00696848561,1713.48,0.0331
2019-03-16,"3,554.20",0.03,,,,,1.297128,0.00512898399,1771.73,0.034
2019-03-17,"3,544.70",0.00,,,,,1.298469,0.00103382241,1760.14,-0.0065
2019-03-18,"3,521.90",-0.01,"1,359.40",-0.0009,"2,832.94",0.0037,1.293571,-0.00377213472,1767.95,0.0044
2019-03-19,"3,551.00",0.01,"1,364.70",0.0039,"2,832.57",-0.0001,1.292512,-0.00081866399,1772.23,0.0024
2019-03-20,"3,550.10",0.00,"1,359.50",-0.0038,"2,824.23",-0.0029,1.293833,0.0010220408,1777.63,0.003
2019-03-21,"3,514.20",-0.01,"1,364.50",0.0037,"2,854.88",0.0109,1.292346,-0.00114929825,1725.92,-0.0291
2019-03-22,"3,538.70",0.01,"1,368.20",0.0035,"2,800.71",-0.019,1.296544,0.00324835609,1745.37,0.0113
2019-03-23,"3,535.80",0.00,,,,,1.294785,-0.00135668361,1770.48,0.0144
2019-03-24,"3,550.20",0.00,,,,,1.295067,0.00021779678,1747.35,-0.0131
2019-03-25,"3,472.70",-0.02,"1,378.10",0.0064,"2,798.36",-0.0008,1.299828,0.00367625768,1707.83,-0.0226
2019-03-26,"3,491.30",0.01,"1,369.30",-0.0064,"2,818.46",0.0072,1.293171,-0.00512144684,1712.75,0.0029
2019-03-27,"3,586.30",0.03,"1,363.80",-0.004,"2,805.37",-0.0046,1.296166,0.00231601234,1790.59,0.0454
2019-03-28,"3,588.20",0.00,"1,342.20",-0.0157,"2,815.44",0.0036,1.293959,-0.001702714,1767.06,-0.0131
2019-03-29,"3,661.30",0.02,"1,354.10",0.0027,"2,834.40",0.0067,1.297906,0.00305032849,1802.1,0.0198
2019-03-30,"3,665.00",0.00,,,,,1.294718,-0.00245626417,1785.58,-0.0092
2019-03-31,"3,665.40",0.00,,,,,1.290209,-0.00348261166,1790.66,0.0028
2019-04-01,"3,707.50",0.01,"1,342.70",-0.0025,"2,867.19",0.0116,1.292697,0.00192836974,1801.41,0.006
2019-04-02,"4,382.30",0.18,"1,340.80",0.0009,"2,867.24",0,1.294753,0.00159047325,2174.89,0.2073
2019-04-03,"4,428.10",0.01,"1,344.00",0.0001,"2,873.40",0.0021,1.295316,0.00043483197,2284.14,0.0502
2019-04-04,"4,381.30",-0.01,"1,343.50",-0.0004,"2,879.39",0.0021,1.298804,0.00269277921,2228.44,-0.0244
2019-04-05,"4,502.70",0.03,"1,345.20",0.0013,"2,892.74",0.0046,1.296803,-0.00154064817,2357.11,0.0577
2019-04-06,"4,516.50",0.00,,,,,1.290224,-0.00507324551,2380.66,0.01
2019-04-07,"4,651.80",0.03,,,,,1.296932,0.00519909721,2498.42,0.0495
2019-04-08,"4,707.70",0.01,"1,351.90",0.005,"2,895.77",0.001,1.291481,-0.00420299599,2457.43,-0.0164
2019-04-09,"4,626.10",-0.02,"1,358.40",0.0048,"2,878.20",-0.0061,1.299216,0.005989248,2378.84,-0.032
2019-04-10,"4,729.00",0.02,"1,363.90",0.004,"2,888.21",0.0035,1.298779,-0.0003363567,2415.94,0.0156
2019-04-11,"4,500.10",-0.05,"1,356.60",-0.015,"2,888.32",0,1.296726,-0.00158071543,2215.73,-0.0829
2019-04-12,"4,519.00",0.00,"1,346.30",0.0022,"2,907.41",0.0066,1.290817,-0.00455686089,2230.23,0.0065
2019-04-13,"4,528.10",0.00,,,,,1.299029,0.00636186229,2222.86,-0.0033
2019-04-14,"4,592.70",0.01,,,,,1.294919,-0.00316390165,2290.4,0.0304
2019-04-15,"4,475.50",-0.03,"1,342.40",-0.0029,"2,905.58",-0.0006,1.296171,0.00096685584,2246.31,-0.0192
2019-04-16,"4,626.70",0.03,"1,329.00",-0.0107,"2,907.06",0.0005,1.293208,-0.00228596381,2307.89,0.0274
2019-04-17,"4,646.30",0.00,"1,327.60",-0.0004,"2,900.45",-0.0023,1.297999,0.00370474046,2305.8,-0.0009
2019-04-18,"4,716.20",0.02,"1,326.90",-0.0005,"2,905.03",0.0016,1.321335,0.0179784422,2335.03,0.0127
2019-04-19,"4,724.40",0.00,"1,277.90",-0.0369,,,1.338272,0.01281809685,2326.03,-0.0039
2019-04-20,"4,750.00",0.01,,,,,1.337691,-0.00043414194,2308.5,-0.0075
2019-04-21,"4,738.40",0.00,,,,,1.322101,-0.01165441047,2243.93,-0.028
2019-04-22,"4,804.60",0.01,"1,328.50",0.0396,"2,907.97",0.001,1.336251,0.0107026619,2260.12,0.0072
2019-04-23,"4,952.50",0.03,"1,323.80",-0.0035,"2,933.68",0.0088,1.332986,-0.00244340322,2233.11,-0.012
2019-04-24,"4,902.40",-0.01,"1,329.90",0.0046,"2,927.25",-0.0022,1.289291,-0.03277978914,2156.87,-0.0341
2019-04-25,"4,645.60",-0.05,"1,330.20",0.0002,"2,926.17",-0.0004,1.250892,-0.02978303579,2042.57,-0.053
2019-04-26,"4,676.20",0.01,"1,339.20",0.0068,"2,939.88",0.0047,1.235586,-0.01223606834,2082.56,0.0196
2019-04-27,"4,708.00",0.01,,,,,1.231758,-0.0030981251,2077.71,-0.0023
2019-04-28,"4,710.70",0.00,,,,,1.222972,-0.00713289461,2055.52,-0.0107
2019-04-29,"4,651.00",-0.01,"1,331.60",-0.0057,"2,943.03",0.0011,1.206645,-0.01335026476,2006.09,-0.024
2019-04-30,"4,735.10",0.02,"1,335.70",0.0031,"2,945.83",0.001,1.260836,0.04491047491,2148.97,0.0712
2019-05-01,"4,800.20",0.01,"1,334.20",-0.0011,"2,923.73",-0.0075,1.25034,-0.0083246354,2137.94,-0.0051
2019-05-02,"4,874.10",0.02,"1,323.00",-0.009,"2,917.52",-0.0021,1.260447,0.00808340131,2134.61,-0.0016
2019-05-03,"5,100.10",0.05,"1,331.70",0.0072,"2,945.64",0.0096,1.305774,0.03596105191,2245.02,0.0517
2019-05-04,"5,214.30",0.02,,,,,1.275297,-0.02334017985,2221.63,-0.0104
2019-05-05,"5,176.90",-0.01,,,,,1.270787,-0.00353643112,2204.39,-0.0078
2019-05-06,"5,127.90",-0.01,"1,334.00",0.0017,"2,932.47",-0.0045,1.342315,0.05628638001,2210.87,0.0029
2019-05-07,"5,205.00",0.02,"1,335.80",0.0013,"2,884.05",-0.0165,1.320157,-0.01650730268,2173.71,-0.0168
2019-05-08,"5,335.30",0.03,"1,338.00",-0.0033,"2,879.42",-0.0016,1.329099,0.0067734368,2201.38,0.0127
2019-05-09,"5,493.70",0.03,"1,335.10",0.0028,"2,870.72",-0.003,1.323967,-0.0038612624,2184.76,-0.0075
2019-05-10,"5,670.00",0.03,"1,337.20",0.0016,"2,881.40",0.0037,1.346125,0.01673606668,2228.05,0.0198
2019-05-11,"6,339.70",0.12,,,,,1.510639,0.1222130189,2542.84,0.1413
2019-05-12,"6,206.70",-0.02,,,,,1.456449,-0.03587223685,2479.68,-0.0248
2019-05-13,"6,949.30",0.12,"1,350.20",0.0097,"2,811.87",-0.0241,1.530465,0.05081949316,2627.31,0.0595
2019-05-14,"7,124.10",0.03,"1,343.40",-0.005,"2,834.41",0.008,1.688293,0.1031242139,2824.67,0.0751
2019-05-15,"7,310.10",0.03,"1,344.50",0.0008,"2,850.96",0.0058,1.921537,0.1381537446,3119.43,0.1044
2019-05-16,"7,054.10",-0.04,"1,333.10",-0.0085,"2,876.32",0.0089,2.052619,0.06821726566,3039.73,-0.0255
2019-05-17,"6,617.60",-0.06,"1,322.50",-0.008,"2,859.53",-0.0058,1.89518,-0.07670152132,2846.72,-0.0635
2019-05-18,"6,549.90",-0.01,,,,,1.823963,-0.03757796093,2762.73,-0.0295
2019-05-19,"7,351.20",0.12,,,,,2.031472,0.1137682069,3097.19,0.1211
2019-05-20,"7,173.70",-0.02,"1,324.20",0.0013,"2,840.23",-0.0067,1.958156,-0.0360900864,3002.35,-0.0306
2019-05-21,"7,137.90",-0.01,"1,320.10",-0.0031,"2,864.36",0.0085,1.98428,0.01334112297,3005.45,0.001
2019-05-22,"6,855.30",-0.04,"1,321.30",0.0009,"2,856.27",-0.0028,1.981014,-0.00164593707,2832.25,-0.0576
2019-05-23,"7,055.20",0.03,"1,328.40",0.0079,"2,822.24",-0.0119,1.912362,-0.03465497972,2907.81,0.0267
2019-05-24,"7,146.30",0.01,"1,329.20",-0.0013,"2,826.06",0.0014,1.939652,0.01427031075,2985.97,0.0269
2019-05-25,"7,223.70",0.01,,,,,1.957378,0.00913875272,3000.81,0.005
2019-05-26,"7,801.00",0.08,"1,283.65",-0.0345,,,2.07641,0.06081196376,3216.35,0.0718
2019-05-27,"7,852.90",0.01,"1,283.25",0.0006,,,1.982179,-0.04538169244,3299.67,0.0259
2019-05-28,"7,827.60",0.00,"1,322.60",0.0298,"2,802.39",-0.0084,1.982551,0.00018767225,3299.38,-0.0001
2019-05-29,"7,801.40",0.00,"1,327.80",0.0024,"2,783.02",-0.0069,1.982403,-0.0000746513,3322.44,0.007
2019-05-30,"7,460.60",-0.04,"1,332.40",0.0048,"2,788.86",0.0021,1.983383,0.00049434953,3138.19,-0.0555
2019-05-31,"7,689.30",0.03,"1,342.90",0.0125,"2,752.06",-0.0132,1.986289,0.00146517339,3292.75,0.0493
2019-06-01,"7,711.00",0.00,,,,,1.989261,0.00149625759,3246.76,-0.014
2019-06-02,"7,864.90",0.02,,,,,1.987351,-0.00096015556,3335.11,0.0272
2019-06-03,"7,252.80",-0.08,"1,356.50",0.0116,"2,744.45",-0.0028,1.987289,-0.00003119731,3095.95,-0.0717
2019-06-04,"6,832.70",-0.06,"1,366.50",0.0009,"2,803.27",0.0214,1.980913,-0.00320839093,2943.42,-0.0493
2019-06-05,"6,960.20",0.02,"1,368.80",0.0027,"2,826.15",0.0082,1.990542,0.0048608899,2996.74,0.0181
2019-06-06,"6,944.10",0.00,"1,370.00",0.0061,"2,843.49",0.0061,1.983985,-0.00329407769,3058.28,0.0205
2019-06-07,"7,098.40",0.02,"1,382.40",0.0025,"2,873.34",0.0105,2.024322,0.02033130291,3116.35,0.019
2019-06-08,"7,062.80",-0.01,,,,,2.020853,-0.00171366018,3079.41,-0.0119
2019-06-09,"6,812.10",-0.04,,,,,1.979563,-0.02043196611,2951.52,-0.0415
2019-06-10,"7,109.50",0.04,"1,367.00",-0.0109,"2,886.73",0.0047,1.966442,-0.00662823057,3131.08,0.0608
2019-06-11,"7,015.20",-0.01,"1,369.00",0.0015,"2,885.72",-0.0003,1.973939,0.00381246942,3123.64,-0.0024
2019-06-12,"7,260.20",0.03,"1,373.80",0.0035,"2,879.84",-0.002,2.030725,0.02876785959,3228.84,0.0337
2019-06-13,"7,324.80",0.01,"1,378.30",0.005,"2,891.64",0.0041,2.042638,0.00586637777,3204.05,-0.0077
2019-06-14,"7,773.00",0.06,"1,379.80",0.0006,"2,886.98",-0.0016,2.01338,-0.01432363444,3284.96,0.0253
2019-06-15,"7,898.30",0.02,,,,,2.040452,0.01344604595,3346.04,0.0186
2019-06-16,"8,010.20",0.01,,,,,2.080633,0.01969220545,3378.18,0.0096
2019-06-17,"8,329.30",0.04,"1,379.70",-0.0014,"2,889.67",0.0009,2.131326,0.02436421993,3436.18,0.0172
2019-06-18,"8,117.20",-0.03,"1,379.70",0.0057,"2,917.75",0.0097,2.165458,0.01601444359,3342.13,-0.0274
2019-06-19,"8,273.90",0.02,"1,382.10",-0.0022,"2,926.46",0.003,2.165458,,3387.84,0.0137
2019-06-20,"8,455.70",0.02,"1,417.40",0.0325,"2,954.18",0.0095,2.165458,,3386.82,-0.0003
2019-06-21,"8,988.60",0.06,"1,419.60",0.0023,"2,950.46",-0.0013,2.165458,,3562.58,0.0519
2019-06-22,"9,362.40",0.04,,,,,2.304107,0.06402756368,3744.87,0.0512
2019-06-23,"9,503.80",0.02,,,,,2.332807,0.01245601875,3713.01,-0.0085
2019-06-24,"9,686.10",0.02,"1,439.00",0.0127,"2,945.35",-0.0017,2.356306,0.01007327224,3730.97,0.0048
2019-06-25,"10,340.30",0.07,"1,448.70",0.0003,"2,917.38",-0.0095,2.4229,0.02826203388,3766.57,0.0095
2019-06-26,"11,263.80",0.09,"1,440.50",-0.0024,"2,913.78",-0.0012,2.72156,0.1232655083,3849.95,0.0221
2019-06-27,"9,785.40",-0.13,"1,444.50",-0.0023,"2,924.92",0.0038,2.266014,-0.1673841473,3358.85,-0.1276
2019-06-28,"10,886.00",0.11,"1,445.70",0.0016,"2,941.76",0.0058,,,3564.33,0.0612
2019-06-29,"10,455.00",-0.04,,,,,,,3636.52,0.0203
2019-06-30,"9,481.60",-0.09,,,,,2.286885,0.00921044618,3320.33,-0.0869
2019-07-01,"9,371.60",-0.01,"1,424.40",-0.016,"2,964.33",0.0077,,,3363.48,0.013
2019-07-02,"9,601.80",0.02,"1,428.60",0.0135,"2,973.01",0.0029,2.22113,-0.02875308553,3320.08,-0.0129
2019-07-03,"10,617.90",0.11,"1,461.90",0.0091,"2,995.82",0.0077,2.280957,0.02693538874,3460.4,0.0423
2019-07-04,"9,924.60",-0.07,"1,412.85",-0.0223,,,2.281527,0.00024989511,3295.02,-0.0478
2019-07-05,"9,809.80",-0.01,"1,428.00",0.0092,"2,990.41",-0.0018,2.212599,-0.0302113453,3282.02,-0.0039
2019-07-06,"10,037.00",0.02,,,,,,,3333.33,0.0156
2019-07-07,"10,243.40",0.02,,,,,,,3418.06,0.0254
2019-07-08,"10,981.20",0.07,"1,436.90",0.0005,"2,975.95",-0.0048,2.304977,0.04175090019,3497.02,0.0231
2019-07-09,"11,229.40",0.02,"1,430.60",0.0007,"2,979.63",0.0012,2.319889,0.00646947887,3452.42,-0.0128
2019-07-10,"10,775.80",-0.04,"1,450.50",0.0085,"2,993.07",0.0045,2.294095,-0.01111863542,3232.48,-0.0637
2019-07-11,"10,099.20",-0.06,"1,461.40",-0.0036,"2,999.91",0.0023,2.057467,-0.1031465567,2993.33,-0.074
2019-07-12,"10,489.70",0.04,"1,450.90",0.0039,"3,013.77",0.0046,2.135597,0.03797387759,3120.3,0.0424
2019-07-13,"10,114.90",-0.04,,,,,2.022085,-0.05315235037,3020.48,-0.032
2019-07-14,"9,217.90",-0.09,,,,,1.779541,-0.11994748,2653.85,-0.1214
2019-07-15,"9,653.20",0.05,"1,452.30",0.001,"3,014.30",0.0002,1.957165,0.09981450273,2745.01,0.0344
2019-07-16,"8,404.00",-0.13,"1,453.40",-0.0014,"3,004.04",-0.0034,1.790719,-0.08504443928,2453.31,-0.1063
2019-07-17,"8,647.10",0.03,"1,455.00",0.0085,"2,984.42",-0.0065,1.654402,-0.07612417135,2592.14,0.0566
2019-07-18,"9,464.20",0.09,"1,459.40",0.0032,"2,995.11",0.0036,1.698791,0.02683084281,2796.4,0.0788
2019-07-19,"9,400.90",-0.01,"1,461.50",-0.0012,"2,976.61",-0.0062,1.797025,0.05782583025,2770.25,-0.0094
2019-07-20,"9,608.10",0.02,,,,,,,2858.4,0.0318
2019-07-21,"9,458.20",-0.02,,,,,1.840503,0.02419443246,2814.55,-0.0153
2019-07-22,"9,232.70",-0.02,"1,466.00",0.0003,"2,985.03",0.0028,1.781789,-0.03190106183,2730.76,-0.0298
2019-07-23,"8,854.10",-0.04,"1,458.60",-0.0035,"3,005.47",0.0068,1.7481,-0.01890740149,2605.57,-0.0458
2019-07-24,"8,785.00",-0.01,"1,467.20",0.0014,"3,019.56",0.0047,1.752204,0.00234769178,2650.93,0.0174
2019-07-25,"8,884.10",0.01,"1,456.10",-0.0058,"3,003.67",-0.0053,,,2645.69,-0.002
2019-07-26,"8,860.20",0.00,"1,460.40",0.0041,"3,025.86",0.0074,,,2692.39,0.0177
2019-07-27,"8,521.80",-0.04,,,,,1.785156,0.01880602943,2570.1,-0.0454
2019-07-28,"8,582.20",0.01,,,,,,,2588.14,0.007
2019-07-29,"8,535.70",-0.01,"1,461.70",0.0009,"3,020.97",-0.0016,,,2575.86,-0.0047
2019-07-30,"8,597.00",0.01,"1,469.00",0.0059,"3,013.18",-0.0026,1.737445,-0.02672651578,2603.86,0.0109
2019-07-31,"9,105.10",0.06,"1,452.90",-0.0027,"2,980.38",-0.0109,,,2700.45,0.0371
2019-08-01,"9,384.90",0.03,"1,443.30",-0.0033,"2,953.56",-0.009,1.773093,0.02051748401,2702.94,0.0009
2019-08-02,"9,473.60",0.01,"1,476.20",0.0163,"2,932.05",-0.0073,1.819,0.02589091492,2676.96,-0.0096
2019-08-03,"9,732.40",0.03,,,,,,,2711.69,0.013
2019-08-04,"9,875.00",0.01,,,,,1.828996,0.0054953271,2724.97,0.0049
2019-08-05,"10,487.90",0.06,"1,487.40",0.0116,"2,844.74",-0.0298,1.926187,0.05313898992,2821.34,0.0354
2019-08-06,"10,227.00",-0.02,"1,498.60",0.0047,"2,881.77",0.013,1.96227,0.01873286446,2718.31,-0.0365
2019-08-07,"10,669.60",0.04,"1,510.60",0.0231,"2,883.98",0.0008,1.863254,-0.05045992651,2738.41,0.0074
2019-08-08,"10,724.40",0.01,"1,532.60",-0.0062,"2,938.09",0.0188,,,2713.67,-0.009
2019-08-09,"10,583.50",-0.01,"1,535.00",-0.0003,"2,918.65",-0.0066,,,2593.62,-0.0442
2019-08-10,"10,087.40",-0.05,,,,,,,2567.02,-0.0103
2019-08-11,"10,332.70",0.02,,,,,,,2677.57,0.0431
2019-08-12,"10,162.90",-0.02,"1,526.40",0.0055,"2,883.75",-0.012,1.830797,-0.0174195252,2612.06,-0.0245
2019-08-13,"9,730.50",-0.04,"1,523.10",-0.0015,"2,926.32",0.0148,,,2592.81,-0.0074
2019-08-14,"8,999.50",-0.08,"1,532.60",0.0086,"2,840.60",-0.0293,,,2348.22,-0.0943
2019-08-15,"9,286.20",0.03,"1,546.00",0.0017,"2,847.60",0.0025,1.678425,-0.08322714097,2378.4,0.0129
2019-08-16,"9,346.50",0.01,"1,541.30",-0.0048,"2,888.68",0.0144,,,2349.37,-0.0122
2019-08-17,"9,216.80",-0.01,,,,,,,2332.47,-0.0072
2019-08-18,"9,321.70",0.01,,,,,1.707534,0.01734304482,2421.51,0.0382
2019-08-19,"9,860.70",0.06,"1,531.00",-0.0077,"2,923.65",0.0121,1.745055,0.02197379379,2482.59,0.0252
2019-08-20,"9,703.70",-0.02,"1,530.20",0.0027,"2,900.51",-0.0079,1.730636,-0.00826277682,2429.7,-0.0213
2019-08-21,"9,142.10",-0.06,"1,532.70",0.0001,"2,924.43",0.0082,,,2339.59,-0.0371
2019-08-22,"9,134.20",0.00,"1,530.50",-0.0046,"2,922.95",-0.0005,,,2394.67,0.0235
2019-08-23,"9,338.80",0.02,"1,537.30",0.019,"2,847.11",-0.0259,1.698332,-0.0186659702,2441.48,0.0195
2019-08-24,"9,106.30",-0.02,,,,,,,2391.61,-0.0204
2019-08-25,"9,112.50",0.00,,,,,,,2374.14,-0.0073
2019-08-26,"9,342.90",0.03,"1,563.20",-0.0003,"2,878.38",0.011,,,2406.06,0.0134
2019-08-27,"9,182.70",-0.02,"1,564.60",0.0095,"2,869.16",-0.0032,1.672843,-0.01500825516,2377.8,-0.0117
2019-08-28,"8,789.20",-0.04,"1,571.60",-0.0017,"2,887.94",0.0065,,,2227.91,-0.063
2019-08-29,"8,584.70",-0.02,"1,562.00",-0.0072,"2,924.58",0.0127,1.581655,-0.0545107939,2158.07,-0.0313
2019-08-30,"8,732.80",0.02,"1,555.00",-0.0043,"2,926.46",0.0006,,,2172.06,0.0065
2019-08-31,"8,760.20",0.00,,,,,1.60451,0.0144500539,2183.38,0.0052
2019-09-01,"8,894.90",0.02,"1,535.25",-0.0123,,,,,2197.97,0.0067
2019-09-02,"9,475.80",0.07,"1,528.15",-0.0019,,,,,2281.3,0.0379
2019-09-03,"9,684.60",0.02,"1,561.20",0.0313,"2,906.27",-0.0069,1.681396,0.04791867922,2312.64,0.0137
2019-09-04,"9,591.70",-0.01,"1,572.00",0.0027,"2,937.78",0.0108,,,2275.86,-0.0159
2019-09-05,"9,593.60",0.00,"1,544.90",-0.0217,"2,976.00",0.013,,,2261.23,-0.0064
2019-09-06,"9,346.10",-0.03,"1,539.20",-0.0062,"2,978.71",0.0009,,,2210.78,-0.0223
2019-09-07,"9,502.70",0.02,,,,,,,2289.37,0.0355
2019-09-08,"9,459.10",0.00,,,,,1.686943,0.00329904437,2312.24,0.01
2019-09-09,"9,350.50",-0.01,"1,534.10",-0.0024,"2,978.43",-0.0001,,,2290.55,-0.0094
2019-09-10,"9,152.70",-0.02,"1,524.90",-0.0075,"2,979.39",0.0003,1.676168,-0.00638729347,2272.97,-0.0077
2019-09-11,"9,237.40",0.01,"1,528.80",0.0028,"3,000.93",0.0072,,,2251.31,-0.0095
2019-09-12,"9,437.20",0.02,"1,530.40",0.0035,"3,009.57",0.0029,,,2263.1,0.0052
2019-09-13,"9,350.60",-0.01,"1,525.60",-0.0046,"3,007.39",-0.0007,1.661739,-0.00860832566,2255.96,-0.0032
2019-09-14,"9,354.60",0.00,,,,,,,2298.96,0.0191
2019-09-15,"9,317.00",0.00,,,,,,,2290.79,-0.0036
2019-09-16,"9,338.10",0.00,"1,536.40",0.0076,"2,997.96",-0.0031,1.673978,0.00736517588,2322.93,0.014
2019-09-17,"9,218.20",-0.01,"1,538.80",0.0012,"3,005.70",0.0026,,,2407.4,0.0364
2019-09-18,"9,225.10",0.00,"1,530.40",0.0013,"3,006.73",0.0003,,,2545.77,0.0575
2019-09-19,"9,307.30",0.01,"1,528.80",-0.0063,"3,006.79",0,1.682648,0.00517927954,2538.58,-0.0028
2019-09-20,"9,241.30",-0.01,"1,537.80",0.0058,"2,992.07",-0.0049,,,2464.95,-0.029
2019-09-21,"9,077.30",-0.02,,,,,,,2419.65,-0.0184
2019-09-22,"9,123.80",0.01,,,,,1.706525,0.01419013365,2380.23,-0.0163
2019-09-23,"8,824.00",-0.03,"1,556.60",0.0105,"2,991.78",-0.0001,,,2262.13,-0.0496
2019-09-24,"7,782.60",-0.12,"1,554.90",0.0054,"2,966.60",-0.0084,1.671409,-0.02057748934,1894.26,-0.1626
2019-09-25,"7,720.60",-0.01,"1,539.10",-0.0179,"2,984.87",0.0062,,,1945.3,0.0269
2019-09-26,"7,385.10",-0.04,"1,538.00",0.0019,"2,977.62",-0.0024,1.539012,-0.07921280788,1885.11,-0.0309
2019-09-27,"7,500.90",0.02,"1,525.70",-0.0058,"2,961.79",-0.0053,,,1923.04,0.0201
2019-09-28,"7,528.40",0.00,,,,,,,1932.31,0.0048
2019-09-29,"7,380.60",-0.02,,,,,,,1888.68,-0.0226
2019-09-30,"7,629.70",0.03,"1,500.10",-0.022,"2,976.74",0.005,,,1982.19,0.0495
2019-10-01,"7,631.20",0.00,"1,499.00",0.0105,"2,940.25",-0.0123,1.543411,0.00285832729,1941.03,-0.0208
2019-10-02,"7,656.90",0.00,"1,509.90",0.0124,"2,887.61",-0.0179,,,1963.62,0.0116
2019-10-03,"7,520.40",-0.02,"1,535.20",0.0029,"2,910.63",0.008,1.512761,-0.01985861187,1934.34,-0.0149
2019-10-04,"7,443.40",-0.01,"1,530.20",-0.0004,"2,952.01",0.0142,,,1940.46,0.0032
2019-10-05,"7,430.60",0.00,,,,,,,1948.14,0.004
2019-10-06,"7,174.80",-0.03,,,,,,,1913.89,-0.0176
2019-10-07,"7,489.40",0.04,"1,522.20",-0.0053,"2,938.79",-0.0045,,,2016.5,0.0536
2019-10-08,"7,481.70",0.00,"1,522.60",-0.0004,"2,893.06",-0.0156,,,2003.94,-0.0062
2019-10-09,"7,826.00",0.05,"1,535.00",0.006,"2,919.40",0.0091,1.611293,0.06513388433,2084.53,0.0402
2019-10-10,"7,810.10",0.00,"1,526.00",-0.0074,"2,938.13",0.0064,,,2033.67,-0.0244
2019-10-11,"7,502.40",-0.04,"1,508.00",-0.0078,"2,970.27",0.0109,,,1965.05,-0.0337
2019-10-12,"7,542.40",0.01,,,,,1.557686,-0.03326955433,1986.35,0.0108
2019-10-13,"7,529.20",0.00,,,,,,,1996.16,0.0049
2019-10-14,"7,582.20",0.01,"1,524.40",0.0061,"2,966.15",-0.0014,1.575963,0.01173343023,2065.67,0.0348
2019-10-15,"7,406.60",-0.02,"1,513.00",-0.0092,"2,995.68",0.01,,,2009.11,-0.0274
2019-10-16,"7,229.60",-0.02,"1,510.00",0.0068,"2,989.69",-0.002,,,1957.03,-0.0259
2019-10-17,"7,269.70",0.01,"1,519.90",0.0029,"2,997.95",0.0028,,,2008.65,0.0264
2019-10-18,"7,133.00",-0.02,"1,519.50",-0.0031,"2,986.20",-0.0039,,,1958.82,-0.0248
2019-10-19,"7,136.60",0.00,,,,,,,1959.05,0.0001
2019-10-20,"7,386.50",0.04,,,,,,,1998.12,0.0199
2019-10-21,"7,377.50",0.00,"1,515.00",-0.0037,"3,006.72",0.0069,1.535427,-0.02572141605,2013.59,0.0077
2019-10-22,"7,223.00",-0.02,"1,515.00",-0.0005,"2,995.99",-0.0036,,,1978.44,-0.0175
2019-10-23,"6,725.30",-0.07,"1,522.00",0.0055,"3,004.52",0.0028,,,1852.07,-0.0639
2019-10-24,"6,706.10",0.00,"1,522.00",0.0059,"3,010.29",0.0019,,,1863.13,0.006
2019-10-25,"7,814.40",0.17,"1,535.00",0.0008,"3,022.55",0.0041,,,2097,0.1255
2019-10-26,"8,334.90",0.07,,,,,,,2090.4,-0.0031
2019-10-27,"8,602.80",0.03,,,,,1.74135,0.1341144841,2150.25,0.0286
2019-10-28,"8,311.50",-0.03,"1,523.50",-0.0061,"3,039.42",0.0056,,,2140.68,-0.0045
2019-10-29,"8,493.40",0.02,"1,515.50",-0.0034,"3,036.89",-0.0008,,,2219.44,0.0368
2019-10-30,"8,228.10",-0.03,"1,513.20",0.0039,"3,046.77",0.0033,,,2158.24,-0.0276
2019-10-31,"8,213.70",0.00,"1,527.00",0.0115,"3,037.56",-0.003,,,2160.1,0.0009
2019-11-01,"8,294.30",0.01,"1,538.00",-0.0017,"3,066.91",0.0097,,,2170.57,0.0048
2019-11-02,"8,342.60",0.01,,,,,,,2202.08,0.0145
2019-11-03,"8,257.00",-0.01,,,,,1.659329,-0.04710196112,2185.86,-0.0074
2019-11-04,"8,466.10",0.03,"1,541.00",0.0002,"3,078.27",0.0037,,,2278.59,0.0424
2019-11-05,"8,415.40",-0.01,"1,513.00",-0.0176,"3,074.62",-0.0012,,,2338.37,0.0262
2019-11-06,"8,448.70",0.00,"1,516.10",0.0062,"3,076.78",0.0007,,,2336.5,-0.0008
2019-11-07,"8,334.00",-0.01,"1,495.10",-0.0172,"3,085.18",0.0027,1.688378,0.017506474,2258.16,-0.0335
2019-11-08,"7,969.80",-0.04,"1,488.80",-0.0009,"3,093.08",0.0026,,,2173,-0.0377
2019-11-09,"8,005.10",0.00,,,,,,,2212.83,0.0183
2019-11-10,"8,207.10",0.03,,,,,,,2261.84,0.0221
2019-11-11,"7,913.40",-0.04,"1,480.10",-0.0055,"3,087.01",-0.002,1.624105,-0.03806789712,2219.23,-0.0188
2019-11-12,"8,003.60",0.01,"1,480.00",-0.0026,"3,091.84",0.0016,,,2193.58,-0.0116
2019-11-13,"7,971.10",0.00,"1,489.90",0.0065,"3,094.04",0.0007,,,2183.58,-0.0046
2019-11-14,"7,842.80",-0.02,"1,494.80",0.0068,"3,096.63",0.0008,,,2162.03,-0.0099
2019-11-15,"7,670.00",-0.02,"1,495.90",-0.0033,"3,120.46",0.0077,,,2097.39,-0.0299
2019-11-16,"7,687.90",0.00,,,,,,,2099.23,0.0009
2019-11-17,"7,703.90",0.00,,,,,,,2104.64,0.0026
2019-11-18,"7,395.90",-0.04,"1,488.80",0.0022,"3,122.03",0.0005,1.577529,-0.02867794878,2006.55,-0.0466
2019-11-19,"7,342.20",-0.01,"1,497.00",0.0016,"3,120.18",-0.0006,,,1963.26,-0.0216
2019-11-20,"7,302.00",-0.01,"1,498.00",-0.0002,"3,108.46",-0.0038,,,1959.34,-0.002
2019-11-21,"6,897.60",-0.06,"1,494.00",-0.007,"3,103.54",-0.0016,1.451429,-0.07993513907,1843.47,-0.0591
2019-11-22,"6,629.50",-0.04,"1,492.00",0.0003,"3,110.29",0.0022,,,1737.68,-0.0574
2019-11-23,"6,664.50",0.01,,,,,,,1776.88,0.0226
2019-11-24,"6,287.10",-0.06,,,,,,,1648.6,-0.0722
2019-11-25,"6,485.80",0.03,"1,485.20",-0.0042,"3,133.64",0.0075,,,1697.49,0.0297
2019-11-26,"6,516.10",0.00,"1,481.00",0.0019,"3,140.52",0.0022,1.303963,-0.1016005606,1716.93,0.0115
2019-11-27,"6,849.00",0.05,"1,483.90",-0.0044,"3,153.63",0.0042,1.302847,-0.00085585251,1765.24,0.0281
2019-11-28,"6,763.00",-0.01,"1,460.75",-0.0149,,,1.378487,0.05805746953,1747.03,-0.0103
2019-11-29,"7,047.40",0.04,"1,484.20",0.0235,"3,140.98",-0.004,1.382643,0.00301489967,1804.47,0.0329
2019-11-30,"6,875.50",-0.02,,,,,1.419293,0.02650720396,1765.27,-0.0217
2019-12-01,"6,735.20",-0.02,,,,,1.346746,-0.05111488607,1743.76,-0.0122
2019-12-02,"6,607.50",-0.02,"1,485.00",-0.0023,"3,113.87",-0.0086,1.354697,0.00590386012,1721.37,-0.0128
2019-12-03,"6,595.20",0.00,"1,491.10",0.0104,"3,093.20",-0.0066,1.330063,-0.01818414007,1705.41,-0.0093
2019-12-04,"6,499.80",-0.01,"1,502.50",-0.0027,"3,112.76",0.0063,1.301139,-0.02174633833,1683.67,-0.0127
2019-12-05,"6,667.10",0.03,"1,503.00",0.002,"3,117.43",0.0015,1.310359,0.00708609918,1704.55,0.0124
2019-12-06,"6,832.80",0.02,"1,488.00",-0.0117,"3,145.91",0.0091,1.338705,0.02163223971,1715.69,0.0065
2019-12-07,"6,790.70",-0.01,,,,,1.378851,0.02998868309,1710.8,-0.0029
2019-12-08,"6,810.70",0.00,,,,,1.352774,-0.01891212321,1726.46,0.0092
2019-12-09,"6,640.80",-0.03,"1,489.40",-0.0001,"3,135.96",-0.0032,1.375517,0.01681212087,1691.46,-0.0203
2019-12-10,"6,522.00",-0.02,"1,489.70",0.0023,"3,132.52",-0.0011,1.344374,-0.02264094155,1668.91,-0.0133
2019-12-11,"6,479.60",-0.01,"1,497.50",0.0046,"3,141.63",0.0029,1.315473,-0.02149773798,1661.74,-0.0043
2019-12-12,"6,435.10",-0.01,"1,494.10",-0.0017,"3,168.57",0.0086,1.296977,-0.01406034179,1658.01,-0.0022
2019-12-13,"6,527.10",0.01,"1,493.00",0.0063,"3,168.80",0.0001,1.303934,0.00536401185,1680.06,0.0133
2019-12-14,"6,365.20",-0.02,,,,,1.317676,0.01053887697,1638.27,-0.0249
2019-12-15,"6,398.50",0.01,,,,,1.283993,-0.02556242961,1647.01,0.0053
2019-12-16,"6,185.50",-0.03,"1,503.90",-0.0001,"3,191.45",0.0071,1.279546,-0.00346341452,1546.36,-0.0611
2019-12-17,"5,940.70",-0.04,"1,505.00",0.0001,"3,192.52",0.0003,1.222337,-0.04471038947,1424.23,-0.079
2019-12-18,"6,559.10",0.10,"1,501.70",-0.0017,"3,191.14",-0.0004,1.180729,-0.03403971245,1542.72,0.0832
2019-12-19,"6,435.80",-0.02,"1,503.50",0.0038,"3,205.37",0.0045,1.25295,0.06116644886,1504.24,-0.0249
2019-12-20,"6,501.20",0.01,"1,505.20",-0.0024,"3,221.22",0.0049,1.244746,-0.00654774732,1532.99,0.0191
2019-12-21,"6,461.10",-0.01,,,,,1.262889,0.01457566443,1517.05,-0.0104
2019-12-22,"6,788.80",0.05,,,,,1.259658,-0.00255841962,1581.86,0.0427
2019-12-23,"6,607.20",-0.03,"1,510.70",0.0053,"3,224.01",0.0009,1.320398,0.04821943734,1524.01,-0.0366
2019-12-24,"6,553.20",-0.01,"1,518.60",0.0106,"3,223.38",-0.0002,1.27629,-0.03340507938,1519.33,-0.0031
2019-12-25,"6,490.70",-0.01,"1,502.15",-0.0173,,,1.267707,-0.00672496063,1502.25,-0.0112
2019-12-26,"6,497.10",0.00,"1,528.40",0.0241,"3,239.91",0.0051,1.254377,-0.01051504804,1522.12,0.0132
2019-12-27,"6,494.10",0.00,"1,540.00",0.0027,"3,240.02",,1.257727,0.00267064846,1556.28,0.0224
2019-12-28,"6,544.00",0.01,,,,,1.264394,0.00530083237,1577.33,0.0135
2019-12-29,"6,613.20",0.01,,,,,1.265306,0.00072129415,1614.61,0.0236
2019-12-30,"6,463.60",-0.02,"1,540.10",0.0006,"3,221.29",-0.0058,1.281118,0.01249658185,1585.7,-0.0179
2019-12-31,"6,404.80",-0.01,"1,546.40",0.0034,"3,230.78",0.0029,1.257922,-0.01810606049,1561.18,-0.0155
2020-01-01,"6,409.30",0.00,"1,520.85",-0.0191,,,1.253969,-0.00314248419,1568.4,0.0046
2020-01-02,"6,225.90",-0.03,"1,548.20",0.0225,"3,257.85",0.0084,1.237908,-0.01280813162,1506.87,-0.0392
2020-01-03,"6,572.20",0.06,"1,561.60",0.0157,"3,234.85",-0.0071,1.238681,0.00062444059,1609.28,0.068
2020-01-04,"6,594.20",0.00,,,,,1.274486,0.02890574732,1622.3,0.0081
2020-01-05,"6,593.30",0.00,,,,,1.297118,0.01775774704,1630.95,0.0053
2020-01-06,"6,937.50",0.05,"1,590.00",0.0104,"3,246.28",0.0035,1.311166,0.01083016349,1764.52,0.0819
2020-01-07,"7,324.10",0.06,"1,586.50",0.0033,"3,237.18",-0.0028,1.377446,0.05055042611,1746.43,-0.0103
2020-01-08,"7,243.70",-0.01,"1,581.50",-0.0089,"3,253.05",0.0049,1.437467,0.04357412196,1723.14,-0.0133
2020-01-09,"7,043.70",-0.03,"1,570.20",-0.0035,"3,274.70",0.0067,1.385525,-0.03613439474,1707.26,-0.0092
2020-01-10,"7,367.70",0.05,"1,574.10",0.0035,"3,265.35",-0.0029,1.353349,-0.02322296602,1817.88,0.0648
2020-01-11,"7,218.00",-0.02,,,,,1.406843,0.03952712863,1805.12,-0.007
2020-01-12,"7,357.40",0.02,,,,,1.40726,0.00029640834,1848.51,0.024
2020-01-13,"7,291.10",-0.01,"1,574.90",-0.006,"3,288.13",0.007,1.407047,-0.00015135796,1813.68,-0.0188
2020-01-14,"7,937.20",0.09,"1,563.40",-0.004,"3,283.15",-0.0015,1.470466,0.04507241052,2125.87,0.1721
2020-01-15,"7,911.60",0.00,"1,573.40",0.0058,"3,289.29",0.0019,1.520586,0.0340844331,2166.73,0.0192
2020-01-16,"7,833.40",-0.01,"1,575.00",-0.0022,"3,316.81",0.0084,1.517021,-0.00234449087,2144.8,-0.0101
2020-01-17,"8,026.60",0.02,"1,577.10",0.0065,"3,329.62",0.0039,1.545619,0.01885141999,2315.95,0.0798
2020-01-18,"8,041.10",0.00,,,,,1.568424,0.01475460641,2245.31,-0.0305
2020-01-19,"7,853.30",-0.02,"1,556.45",-0.019,,,1.628815,0.0385042565,2210.86,-0.0153
2020-01-20,"7,790.20",-0.01,"1,556.65",0.0027,,,1.534757,-0.05774627567,2231.99,0.0096
2020-01-21,"7,876.70",0.01,"1,573.60",0.015,"3,320.79",-0.0027,1.561969,0.01773049414,2250.32,0.0082
2020-01-22,"7,816.60",-0.01,"1,577.60",-0.0008,"3,321.75",0.0003,1.559062,-0.00186111248,2264.06,0.0061
2020-01-23,"7,603.70",-0.03,"1,580.10",0.0054,"3,325.54",0.0011,1.533616,-0.0163213522,2133.78,-0.0575
2020-01-24,"7,648.20",0.01,"1,584.00",0.0043,"3,295.47",-0.009,1.482485,-0.03334015816,2122.17,-0.0054
2020-01-25,"7,572.30",-0.01,,,,,1.513019,0.02059649845,2081.87,-0.019
2020-01-26,"7,801.10",0.03,,,,,1.495269,-0.01173151163,2221.48,0.0671
2020-01-27,"8,072.50",0.03,"1,602.80",0.0035,"3,243.63",-0.0157,1.548831,0.03582097937,2317.15,0.0431
2020-01-28,"8,509.20",0.05,"1,593.40",-0.0048,"3,276.24",0.0101,1.618512,0.0449894146,2426.62,0.0472
2020-01-29,"8,435.70",-0.01,"1,589.30",0.0006,"3,273.40",-0.0009,1.684066,0.04050263452,2442.19,0.0064
2020-01-30,"8,617.60",0.02,"1,599.00",0.008,"3,283.66",0.0031,1.684578,0.00030402609,2551.97,0.045
2020-01-31,"8,417.20",-0.02,"1,597.70",-0.0008,"3,225.52",-0.0177,1.742487,0.03437596834,2465.04,-0.0341
2020-02-01,"8,460.90",0.01,,,,,1.702391,-0.0230107886,2513.28,0.0196
2020-02-02,"8,418.10",-0.01,,,,,1.691162,-0.00659601701,2523.02,0.0039
2020-02-03,"8,408.00",0.00,"1,595.00",-0.0034,"3,248.92",0.0073,1.706495,0.00906654714,2555.71,0.013
2020-02-04,"8,308.40",-0.01,"1,576.00",-0.0165,"3,297.59",0.015,1.703028,-0.00203164967,2547.75,-0.0031
2020-02-05,"8,738.60",0.05,"1,573.00",0.0046,"3,334.69",0.0113,1.714395,0.00667458198,2754.3,0.0811
2020-02-06,"8,892.30",0.02,"1,579.30",0.0044,"3,345.78",0.0033,1.808039,0.0546221845,2789.7,0.0129
2020-02-07,"8,967.70",0.01,"1,588.40",0.0021,"3,327.71",-0.0054,1.870065,0.03430567593,2790.31,0.0002
2020-02-08,"9,062.00",0.01,,,,,1.874154,0.00218655501,2804.98,0.0053
2020-02-09,"9,284.90",0.02,,,,,1.946614,0.03866277798,2850.19,0.0161
2020-02-10,"9,039.30",-0.03,"1,594.20",0.0036,"3,352.09",0.0073,1.927923,-0.00960180087,2795.71,-0.0191
2020-02-11,"9,410.60",0.04,"1,587.10",-0.006,"3,357.75",0.0017,1.886668,-0.02139867619,2893.64,0.035
2020-02-12,"9,533.00",0.01,"1,587.50",0.0008,"3,379.45",0.0065,2.070285,0.09732342945,3055.48,0.0559
2020-02-13,"9,451.10",-0.01,"1,594.00",0.0045,"3,373.94",-0.0016,2.168963,0.04766396897,3094.01,0.0126
2020-02-14,"9,572.50",0.01,"1,597.30",0.0046,"3,380.16",0.0018,2.146452,-0.01037869249,3189.97,0.031
2020-02-15,"9,163.00",-0.04,,,,,2.217303,0.03300842507,2903.25,-0.0899
2020-02-16,"9,164.20",0.00,"1,583.45",-0.0129,,,2.132012,-0.03846610048,2780.87,-0.0422
2020-02-17,"8,969.00",-0.02,"1,581.85",0.0005,,,2.01852,-0.05323234578,2765.76,-0.0054
2020-02-18,"9,442.50",0.05,"1,603.50",0.0233,"3,370.29",-0.0029,2.108849,0.04475011394,2874.97,0.0395
2020-02-19,"8,902.80",-0.06,"1,623.30",0.005,"3,386.15",0.0047,2.174008,0.03089789738,2633.34,-0.084
2020-02-20,"8,912.90",0.00,"1,627.70",0.0053,"3,373.23",-0.0038,2.03736,-0.06285533448,2615.28,-0.0069
2020-02-21,"8,951.50",0.00,"1,642.40",0.0172,"3,337.75",-0.0105,2.061202,0.01170239918,2686.97,0.0274
2020-02-22,"8,929.50",0.00,,,,,2.028169,-0.01602608575,2683.67,-0.0012
2020-02-23,"9,203.50",0.03,,,,,2.066241,0.01877161124,2814.08,0.0486
2020-02-24,"8,916.10",-0.03,"1,673.30",0.0168,"3,225.89",-0.0335,2.037982,-0.0136765266,2684.09,-0.0462
2020-02-25,"8,564.70",-0.04,"1,650.00",-0.0159,"3,128.21",-0.0303,1.971731,-0.03250813795,2529,-0.0578
2020-02-26,"8,079.00",-0.06,"1,646.70",-0.0044,"3,116.39",-0.0038,1.818197,-0.07786761987,2257.27,-0.1074
2020-02-27,"8,024.60",-0.01,"1,656.00",-0.0009,"2,978.76",-0.0442,1.743447,-0.04111215671,2299.35,0.0186
2020-02-28,"7,895.20",-0.02,"1,582.00",-0.0468,"2,954.22",-0.0082,1.823787,0.04608112549,2255.36,-0.0191
2020-02-29,"7,756.20",-0.02,,,,,1.82922,0.00297896629,2191.17,-0.0285
2020-03-01,"7,734.50",0.00,,,,,1.772698,-0.03089950908,2203.28,0.0055
2020-03-02,"8,015.50",0.04,"1,593.90",0.0165,"3,090.23",0.046,1.746702,-0.01466465241,2352.48,0.0677
2020-03-03,"7,853.10",-0.02,"1,606.50",0.0305,"3,003.37",-0.0281,1.811964,0.03736298464,2307.75,-0.019
2020-03-04,"7,876.20",0.00,"1,647.30",-0.0014,"3,130.12",0.0422,1.867656,0.03073570998,2276.02,-0.0137
2020-03-05,"8,093.30",0.03,"1,653.00",0.0144,"3,023.94",-0.0339,1.868206,0.00029448678,2344.52,0.0301
2020-03-06,"8,125.10",0.00,"1,657.70",0.0015,"2,972.37",-0.0171,1.858963,-0.0049475272,2416.01,0.0305
2020-03-07,"7,897.50",-0.03,,,,,1.884227,0.0135903727,2314.37,-0.0421
2020-03-08,"7,077.40",-0.10,,,,,1.780098,-0.05526351124,1962.68,-0.152
2020-03-09,"6,955.60",-0.02,"1,668.10",0.0007,"2,746.56",-0.076,1.600218,-0.1010506163,2001.05,0.0195
2020-03-10,"6,978.10",0.00,"1,651.50",-0.009,"2,882.23",0.0494,1.600275,0.00003562015,1986.06,-0.0075
2020-03-11,"7,058.80",0.01,"1,641.70",-0.0109,"2,741.38",-0.0489,1.616276,0.00999890644,1943.07,-0.0216
2020-03-12,"4,405.50",-0.38,"1,568.70",-0.0315,"2,480.64",-0.0951,1.452863,-0.1011046381,1186.64,-0.3893
2020-03-13,"5,111.00",0.16,"1,514.30",-0.0462,"2,711.02",0.0929,0.945114,-0.3494816786,1427.27,0.2028
2020-03-14,"4,691.60",-0.08,,,,,1.108297,0.1726595945,1310.3,-0.082
2020-03-15,"4,823.10",0.03,,,,,1.023101,-0.07687109141,1373.02,0.0479
2020-03-16,"4,525.80",-0.06,"1,458.80",-0.0204,"2,386.13",-0.1198,0.999486,-0.02308178762,1269.12,-0.0757
2020-03-17,"4,876.20",0.08,"1,476.30",0.027,"2,529.19",0.06,0.96984,-0.02966124588,1312.65,0.0343
2020-03-18,"4,951.00",0.02,"1,485.20",-0.0306,"2,398.10",-0.0518,1.012863,0.04436092551,1317.05,0.0034
2020-03-19,"5,828.00",0.18,"1,476.90",0.0015,"2,409.39",0.0047,1.003267,-0.00947413421,1489.27,0.1308
2020-03-20,"5,819.80",0.00,"1,468.00",0.0038,"2,304.92",-0.0434,1.182192,0.1783423555,1479.59,-0.0065
2020-03-21,"5,817.20",0.00,,,,,1.179445,-0.00232364963,1490.01,0.007
2020-03-22,"5,471.40",-0.06,,,,,1.20364,0.02051388577,1380.39,-0.0736
2020-03-23,"6,048.80",0.11,"1,498.90",0.0577,"2,237.40",-0.0293,1.098337,-0.0874871224,1514.26,0.097
2020-03-24,"6,277.30",0.04,"1,578.00",0.0516,"2,447.33",0.0938,1.180135,0.07447440995,1559.89,0.0301
2020-03-25,"6,166.40",-0.02,"1,607.50",-0.0179,"2,475.56",0.0115,1.230985,0.04308829075,1527.14,-0.021
2020-03-26,"6,132.10",-0.01,"1,615.00",0.0176,"2,630.07",0.0624,1.207179,-0.01933898463,1579.98,0.0346
2020-03-27,"5,747.10",-0.06,"1,631.90",-0.0042,"2,541.47",-0.0337,1.216416,0.00765172356,1505.72,-0.047
2020-03-28,"5,629.30",-0.02,,,,,1.112552,-0.08538526294,1500.5,-0.0035
2020-03-29,"5,288.30",-0.06,,,,,1.117921,0.00482584185,1433.71,-0.0445
2020-03-30,"5,809.10",0.10,"1,634.60",-0.0066,"2,626.65",0.0335,1.085379,-0.02910939145,1512.97,0.0553
2020-03-31,"5,839.80",0.01,"1,590.80",-0.0283,"2,584.59",-0.016,1.157186,0.06615845709,1521.59,0.0057
2020-04-01,"6,079.90",0.04,"1,577.70",-0.0032,"2,470.50",-0.0441,1.163546,0.00549609138,1552.8,0.0205
2020-04-02,"6,259.00",0.03,"1,596.70",0.0291,"2,526.90",0.0228,1.202491,0.0334709586,1594.83,0.0271
2020-04-03,"6,247.80",0.00,"1,625.30",0.0046,"2,488.65",-0.0151,1.246117,0.03627968941,1599.83,0.0031
2020-04-04,"6,367.80",0.02,,,,,1.236989,-0.00732515486,1621.92,0.0138
2020-04-05,"6,287.10",-0.01,,,,,1.256881,0.01608098374,1601.39,-0.0127
2020-04-06,"6,801.00",0.08,"1,640.00",0.0283,"2,663.68",0.0703,1.258768,0.00150133545,1800.96,0.1246
2020-04-07,"6,612.00",-0.03,"1,674.30",-0.0056,"2,659.41",-0.0016,1.386994,0.1018662692,1764.07,-0.0205
2020-04-08,"6,787.40",0.03,"1,673.90",0.0002,"2,749.98",0.0341,1.42155,0.02491431109,1828.26,0.0364
2020-04-09,"6,685.50",-0.02,"1,679.20",0.0413,"2,789.82",0.0145,1.446566,0.01759769266,1806.9,-0.0117
2020-04-10,"6,295.40",-0.06,"1,740.60",-0.0074,,,1.424821,-0.01503215201,1682.43,-0.0689
2020-04-11,"6,312.40",0.00,,,,,1.397209,-0.01937927641,1674.49,-0.0047
2020-04-12,"6,331.30",0.00,,,,,1.372177,-0.01791571626,1703.03,0.017
2020-04-13,"6,286.70",-0.01,"1,725.00",0.0127,"2,761.63",-0.0101,1.364554,-0.00555540575,1666.25,-0.0216
2020-04-14,"6,271.40",0.00,"1,750.00",0.0048,"2,846.06",0.0306,1.397561,0.02418885585,1663.52,-0.0016
2020-04-15,"6,084.50",-0.03,"1,736.40",-0.015,"2,783.36",-0.022,1.381687,-0.01135835931,1613.68,-0.03
2020-04-16,"6,548.40",0.08,"1,727.60",-0.0048,"2,799.55",0.0058,1.332316,-0.03573240539,1746.5,0.0823
2020-04-17,"6,483.40",-0.01,"1,695.50",-0.0194,"2,874.56",0.0268,1.452768,0.09040798129,1732.23,-0.0082
2020-04-18,"6,683.10",0.03,,,,,1.467098,0.00986392872,1824.1,0.053
2020-04-19,"6,570.20",-0.02,,,,,1.534496,0.04593967138,1771.32,-0.0289
2020-04-20,"6,308.60",-0.04,"1,689.20",0.0074,"2,823.16",-0.0179,1.516265,-0.01188077388,1687.56,-0.0473
2020-04-21,"6,324.10",0.00,"1,670.30",-0.0135,"2,736.56",-0.0307,1.442581,-0.048595727,1696.58,0.0053
2020-04-22,"6,593.40",0.04,"1,700.00",0.0304,"2,799.31",0.0229,1.434823,-0.00537786093,1777.57,0.0477
2020-04-23,"6,927.00",0.05,"1,736.00",0.0043,"2,797.80",-0.0005,1.514835,0.05576436954,1832.28,0.0308
2020-04-24,"6,944.60",0.00,"1,733.00",-0.0053,"2,836.74",0.0139,1.60644,0.06047193259,1844.18,0.0065
2020-04-25,"6,990.10",0.01,,,,,1.583448,-0.01431239262,1862.16,0.0097
2020-04-26,"7,123.90",0.02,,,,,1.601665,0.01150464051,1896.88,0.0186
2020-04-27,"7,203.80",0.01,"1,726.80",-0.0059,"2,878.48",0.0147,1.6267,0.0156306094,1907.83,0.0058
2020-04-28,"7,179.90",0.00,"1,712.70",-0.0001,"2,863.39",-0.0052,1.612027,-0.00902010205,1948.03,0.0211
2020-04-29,"8,079.10",0.13,"1,718.00",-0.0051,"2,939.51",0.0266,1.6383,0.01629811411,2118.13,0.0873
2020-04-30,"7,900.70",-0.02,"1,697.70",-0.0102,"2,912.43",-0.0092,1.851451,0.1301049869,2029.26,-0.042
2020-05-01,"8,039.20",0.02,"1,688.00",0.0042,"2,830.71",-0.0281,1.728267,-0.0665337619,2083.5,0.0267
2020-05-02,"8,178.30",0.02,,,,,1.749479,0.01227356653,2133.23,0.0239
2020-05-03,"8,136.40",-0.01,,,,,1.79807,0.0277745546,2088.15,-0.0211
2020-05-04,"8,157.00",0.00,"1,711.80",0.0081,"2,842.74",0.0042,1.721097,-0.04280867819,2065.83,-0.0107
2020-05-05,"8,338.20",0.02,"1,710.50",0.0012,"2,868.44",0.009,1.754268,0.01927317287,2061.17,-0.0023
2020-05-06,"8,493.60",0.02,"1,698.80",-0.0137,"2,848.42",-0.007,1.775872,0.01231510807,2029.95,-0.0151
2020-05-07,"9,220.00",0.09,"1,704.50",0.0231,"2,881.19",0.0115,1.796419,0.01157009064,2151.53,0.0599
2020-05-08,"9,057.20",-0.02,"1,724.50",-0.0049,"2,929.80",0.0169,1.873255,0.0427717587,2149.78,-0.0008
2020-05-09,"8,816.00",-0.03,,,,,1.901315,0.01497927404,2126.14,-0.011
2020-05-10,"8,075.10",-0.08,,,,,1.880894,-0.01074046121,1915.86,-0.0989
2020-05-11,"7,966.30",-0.01,"1,714.20",-0.0082,"2,930.32",0.0002,1.718032,-0.08658754826,1888.64,-0.0142
2020-05-12,"8,145.30",0.02,"1,717.00",0.0041,"2,870.12",-0.0205,1.674091,-0.02557635713,1933.03,0.0235
2020-05-13,"8,615.90",0.06,"1,721.00",0.0054,"2,820.00",-0.0175,1.715214,0.02456437553,2002.88,0.0361
2020-05-14,"9,055.80",0.05,"1,735.00",0.0142,"2,852.50",0.0115,1.814061,0.0576295436,2048.89,0.023
2020-05-15,"8,608.90",-0.05,"1,758.00",0.0095,"2,863.70",0.0039,1.853817,0.02191547032,1979.75,-0.0337
2020-05-16,"8,685.60",0.01,,,,,1.794552,-0.03196917495,2008.03,0.0143
2020-05-17,"8,932.40",0.03,,,,,1.807845,0.00740741979,2054.15,0.023
2020-05-18,"8,911.60",0.00,"1,756.20",-0.0102,"2,953.91",0.0315,1.850692,0.0237005938,2102.47,0.0235
2020-05-19,"8,954.40",0.00,"1,754.20",0.0073,"2,922.94",-0.0105,1.85536,0.00252229977,2103.6,0.0005
2020-05-20,"8,674.10",-0.03,"1,773.00",0.0047,"2,971.61",0.0167,1.866624,0.00607105899,2056.18,-0.0225
2020-05-21,"8,283.40",-0.05,"1,743.80",-0.0176,"2,948.51",-0.0078,1.855109,-0.006168891,1959.81,-0.0469
2020-05-22,"8,418.70",0.02,"1,750.60",0.0087,"2,955.45",0.0024,1.76846,-0.04670830663,2018.95,0.0302
2020-05-23,"8,427.30",0.00,,,,,1.838683,0.03970855999,2012.59,-0.0032
2020-05-24,"8,005.00",-0.05,"1,729.80",-0.0198,,,1.825546,-0.00714478787,1933.96,-0.0391
2020-05-25,"8,170.00",0.02,"1,719.25",-0.0021,,,1.795921,-0.01622802164,1977.68,0.0226
2020-05-26,"8,067.90",-0.01,"1,734.80",0.0078,"2,991.77",0.0123,1.769838,-0.01452346735,1952.95,-0.0125
2020-05-27,"8,362.20",0.04,"1,714.80",0,"3,036.13",0.0148,1.741909,-0.01578054037,2015.13,0.0318
2020-05-28,"8,644.00",0.03,"1,734.30",0.0013,"3,029.73",-0.0021,1.769746,0.01598074297,2088.38,0.0364
2020-05-29,"8,504.40",-0.02,"1,740.70",0.0132,"3,044.31",0.0048,1.837371,0.03821169818,2072.57,-0.0076
2020-05-30,"8,718.60",0.03,,,,,1.840746,0.00183686365,2206.15,0.0645
2020-05-31,"8,514.50",-0.02,,,,,1.934803,0.05109721819,2123.55,-0.0374
2020-06-01,"9,101.10",0.07,"1,751.60",-0.0011,"3,055.73",0.0038,1.936754,0.00100837139,2260.83,0.0646
2020-06-02,"8,530.50",-0.06,"1,743.40",-0.0079,"3,080.82",0.0082,1.990774,0.02789202965,2167.25,-0.0414
2020-06-03,"8,610.90",0.01,"1,707.50",-0.015,"3,122.87",0.0136,1.96918,-0.01084703738,2205.13,0.0175
2020-06-04,"8,650.40",0.00,"1,718.50",0.0133,"3,112.35",-0.0034,1.984839,0.00795204095,2212.64,0.0034
2020-06-05,"8,547.50",-0.01,"1,690.10",-0.0255,"3,193.93",0.0262,1.991132,0.00317053423,2184.73,-0.0126
2020-06-06,"8,584.30",0.00,,,,,1.973519,-0.00884572193,2193.63,0.0041
2020-06-07,"8,630.10",0.01,,,,,1.987694,0.00718260123,2203.2,0.0044
2020-06-08,"8,649.90",0.00,"1,700.10",0.0129,"3,232.39",0.012,1.976521,-0.00562108655,2214.35,0.0051
2020-06-09,"8,634.30",0.00,"1,715.90",0.0096,"3,207.18",-0.0078,1.989847,0.00674214946,2195.95,-0.0083
2020-06-10,"8,712.00",0.01,"1,732.80",-0.0007,"3,190.14",-0.0053,1.986309,-0.00177802615,2224.11,0.0128
2020-06-11,"8,221.40",-0.06,"1,746.00",0.0107,"3,002.10",-0.0589,1.996438,0.005099408,2061.87,-0.0729
2020-06-12,"8,417.50",0.02,"1,746.90",-0.0014,"3,041.31",0.0131,1.910673,-0.04295901,2118.31,0.0274
2020-06-13,"8,422.10",0.00,,,,,,,2122.16,0.0018
2020-06-14,"8,299.40",-0.01,,,,,,,2080.12,-0.0198
2020-06-15,"8,321.30",0.00,"1,724.60",-0.0059,"3,066.59",0.0083,1.791442,-0.06240261939,2086.67,0.0031
2020-06-16,"8,461.30",0.02,"1,739.80",0.0054,"3,124.74",0.019,1.895451,0.05805881519,2106.89,0.0097
2020-06-17,"8,425.50",0.00,"1,735.60",-0.0006,"3,113.49",-0.0036,1.888695,-0.00356432321,2104.11,-0.0013
2020-06-18,"8,380.00",-0.01,"1,739.60",-0.0031,"3,115.34",0.0006,1.919923,0.01653416777,2077.23,-0.0128
2020-06-19,"8,329.30",-0.01,"1,745.50",0.0118,"3,097.74",-0.0056,1.878118,-0.02177431074,2055.03,-0.0107
2020-06-20,"8,373.80",0.01,,,,,1.899036,0.01113774534,2062.38,0.0036
2020-06-21,"8,314.80",-0.01,,,,,1.903582,0.00239384614,2044.02,-0.0089
2020-06-22,"8,587.30",0.03,"1,769.00",0.0074,"3,117.86",0.0065,1.92165,0.00949157956,2138.26,0.0461
2020-06-23,"8,516.50",-0.01,"1,774.00",0.0086,"3,131.29",0.0043,1.973877,0.02717820623,2132.29,-0.0028
2020-06-24,"8,271.50",-0.03,"1,787.80",-0.0025,"3,050.33",-0.0259,2.006362,0.0164574591,2061.49,-0.0332
2020-06-25,"8,251.90",0.00,"1,781.60",-0.0023,"3,083.76",0.011,1.898287,-0.05386615177,2045.36,-0.0078
2020-06-26,"8,176.70",-0.01,"1,772.00",0.0056,"3,009.05",-0.0242,1.953267,0.0289629545,2034.18,-0.0055
2020-06-27,"8,052.30",-0.02,,,,,1.925731,-0.01409740706,1957.86,-0.0375
2020-06-28,"8,138.20",0.01,,,,,1.852338,-0.0381117612,1988.72,0.0158
2020-06-29,"8,167.50",0.00,"1,795.30",0.0009,"3,053.24",0.0147,1.905376,0.02863300326,2007.04,0.0092
2020-06-30,"8,145.30",0.00,"1,794.00",0.0113,"3,100.29",0.0154,1.923638,0.00958445997,1989.04,-0.009
2020-07-01,"8,219.00",0.01,"1,789.80",-0.0102,"3,115.86",0.005,1.907764,-0.00825207238,2015.84,0.0135
2020-07-02,"8,109.00",-0.01,"1,788.30",0.0056,"3,130.01",0.0045,1.9854,0.04069476099,1984.74,-0.0154
2020-07-03,"8,077.00",0.00,"1,783.65",-0.0135,,,1.95623,-0.01469225345,1985.46,0.0004
2020-07-04,"8,133.30",0.01,,,,,1.973373,0.00876328448,2013.08,0.0139
2020-07-05,"8,086.40",-0.01,,,,,1.980435,0.00357864428,1998.75,-0.0071
2020-07-06,"8,262.50",0.02,"1,801.60",0.0159,"3,179.72",0.0159,1.967398,-0.00658289719,2114.23,0.0578
2020-07-07,"8,230.50",0.00,"1,804.80",0.01,"3,145.32",-0.0108,2.092003,0.06333492257,2089.14,-0.0119
2020-07-08,"8,341.50",0.01,"1,829.10",0.0089,"3,169.94",0.0078,2.213732,0.05818777507,2200.56,0.0533
2020-07-09,"8,202.70",-0.02,"1,829.60",-0.0092,"3,152.05",-0.0056,2.213665,-0.00003026563,2166.93,-0.0153
2020-07-10,"8,235.80",0.00,"1,825.50",-0.0012,"3,185.04",0.0105,2.189186,-0.0110581321,2154.18,-0.0059
2020-07-11,"8,201.90",0.00,,,,,2.192385,0.00146127373,2159.6,0.0025
2020-07-12,"8,243.60",0.01,,,,,2.226113,0.01538415926,2174.59,0.0069
2020-07-13,"8,160.90",-0.01,"1,831.60",0.0068,"3,155.22",-0.0094,2.405461,0.08056554182,2142.48,-0.0148
2020-07-14,"8,128.50",0.00,"1,819.30",-0.0012,"3,197.52",0.0134,2.286215,-0.04957303403,2147.37,0.0023
2020-07-15,"8,057.70",-0.01,"1,831.90",0.0001,"3,226.56",0.0091,2.396629,0.04829554526,2130.56,-0.0078
2020-07-16,"8,024.90",0.00,"1,819.90",-0.0082,"3,215.57",-0.0034,2.405353,0.00364011284,2108.8,-0.0102
2020-07-17,"8,032.90",0.00,"1,821.00",0.0039,"3,224.73",0.0028,2.37062,-0.01443987639,2108.68,-0.0001
2020-07-18,"8,051.50",0.00,,,,,2.333717,-0.01556681374,2130.32,0.0103
2020-07-19,"8,071.90",0.00,,,,,2.350326,0.00711697262,2142.94,0.0059
2020-07-20,"8,022.20",-0.01,"1,830.70",0.0035,"3,251.84",0.0084,2.37787,0.01171922533,2105.15,-0.0176
2020-07-21,"8,163.60",0.02,"1,839.90",0.016,"3,257.30",0.0017,2.325239,-0.02213367425,2173.22,0.0323
2020-07-22,"8,249.20",0.01,"1,867.80",0.0123,"3,276.02",0.0057,2.347695,0.00965750187,2251.15,0.0359
2020-07-23,"8,307.20",0.01,"1,890.40",0.0131,"3,235.66",-0.0123,2.462615,0.04895014046,2291.21,0.0178
2020-07-24,"8,222.40",-0.01,"1,908.00",0.0041,"3,215.63",-0.0062,2.478349,0.00638914325,2274.62,-0.0072
2020-07-25,"8,356.40",0.02,,,,,2.555854,0.03127283526,2413.4,0.061
2020-07-26,"8,529.40",0.02,,,,,2.662222,0.04161740068,2430.85,0.0072
2020-07-27,"9,336.20",0.09,"1,926.80",0.0157,"3,239.41",0.0074,2.727639,0.02457233093,2582.5,0.0624
2020-07-28,"9,338.20",0.00,"1,927.50",0.0043,"3,218.44",-0.0065,2.816407,0.03254389602,2616.49,0.0132
2020-07-29,"9,448.80",0.01,"1,955.70",0.0065,"3,258.44",0.0124,2.842987,0.00943755643,2655.24,0.0148
2020-07-30,"9,384.10",-0.01,"1,952.30",-0.005,"3,246.22",-0.0038,2.846371,0.00119029739,2706.71,0.0194
2020-07-31,"9,648.00",0.03,"1,971.40",0.0097,"3,271.12",0.0077,2.87403,0.00971728562,2803.19,0.0356
2020-08-01,"10,043.10",0.04,,,,,2.964889,0.03161379665,3055,0.0898
2020-08-02,"9,400.10",-0.06,,,,,3.191233,0.07634147518,2899.84,-0.0508
2020-08-03,"9,571.80",0.02,"1,975.20",0.0002,"3,294.61",0.0072,3.077563,-0.03561946119,3021.03,0.0418
2020-08-04,"9,501.00",-0.01,"1,982.60",0.0175,"3,306.51",0.0036,3.13816,0.01968992999,2998.35,-0.0075
2020-08-05,"9,912.70",0.04,"2,027.50",0.014,"3,327.77",0.0064,3.198622,0.01926670406,3073.06,0.0249
2020-08-06,"9,934.10",0.00,"2,049.00",0.0098,"3,349.16",0.0064,3.263124,0.02016555879,3076.12,0.001
2020-08-07,"9,865.70",-0.01,"2,024.80",-0.02,"3,351.28",0.0006,3.22454,-0.01182425185,2990.77,-0.0277
2020-08-08,"9,999.50",0.01,,,,,3.177941,-0.01445136361,3049.76,0.0197
2020-08-09,"9,941.50",-0.01,,,,,3.30895,0.04122449095,2998.74,-0.0167
2020-08-10,"10,137.40",0.02,"2,027.80",0.0058,"3,360.47",0.0027,3.3231,0.004276281,3048.3,0.0165
2020-08-11,"9,720.90",-0.04,"1,911.30",-0.0458,"3,333.69",-0.008,3.348747,0.00771779363,2901.29,-0.0482
2020-08-12,"9,829.90",0.01,"1,874.20",0.0014,"3,380.35",0.014,3.189153,-0.04765782545,2936.49,0.0121
2020-08-13,"9,974.20",0.01,"1,923.00",0.011,"3,373.43",-0.002,3.293362,0.03267607418,3089.71,0.0522
2020-08-14,"9,960.80",0.00,"1,939.10",-0.0105,"3,372.85",-0.0002,3.471579,0.05411400265,3132.6,0.0139
2020-08-15,"10,027.10",0.01,,,,,3.534327,0.01807477232,3145.29,0.0041
2020-08-16,"10,063.90",0.00,,,,,3.572679,0.01085128795,3196.88,0.0164
2020-08-17,"10,359.70",0.03,"1,939.10",0.0251,"3,381.99",0.0027,3.572722,0.00001203579,3263.93,0.021
2020-08-18,"10,032.10",-0.03,"1,985.20",0.0072,"3,389.78",0.0023,3.660376,0.02453423468,3159.98,-0.0318
2020-08-19,"9,941.20",-0.01,"1,930.50",-0.0213,"3,374.85",-0.0044,3.542773,-0.03212866656,3046.73,-0.0358
2020-08-20,"10,011.70",0.01,"1,928.90",-0.0121,"3,385.51",0.0032,3.419292,-0.03485433585,3089.83,0.0141
2020-08-21,"9,794.30",-0.02,"1,916.60",0.0003,"3,397.16",0.0034,3.473425,0.01583164,2934.81,-0.0502
2020-08-22,"9,914.50",0.01,,,,,3.329353,-0.04147836789,2991.24,0.0192
2020-08-23,"9,894.80",0.00,,,,,3.370591,0.01238619035,2980.14,-0.0037
2020-08-24,"9,987.00",0.01,"1,930.80",-0.004,"3,431.28",0.01,3.362769,-0.00232066127,3045.21,0.0218
2020-08-25,"9,595.20",-0.04,"1,919.10",-0.0083,"3,443.62",0.0036,3.420847,0.01727088599,2894.3,-0.0496
2020-08-26,"9,693.50",0.01,"1,908.40",0.0153,"3,478.73",0.0102,3.223122,-0.05780001269,2906.64,0.0043
2020-08-27,"9,597.60",-0.01,"1,914.70",-0.0102,"3,484.55",0.0017,3.284536,0.01905419652,2836.16,-0.0242
2020-08-28,"9,706.50",0.01,"1,928.20",0.0219,"3,508.01",0.0067,3.209828,-0.02274537408,2908.12,0.0254
2020-08-29,"9,670.10",0.00,,,,,3.26853,0.01828820734,2918.31,0.0035
2020-08-30,"9,839.40",0.02,,,,,3.331001,0.01911287337,3060.66,0.0488
2020-08-31,"9,783.50",-0.01,"1,962.30",0.0019,"3,500.31",-0.0022,3.403058,0.02163223608,3047.66,-0.0042
2020-09-01,"10,007.70",0.02,"1,969.20",0.0002,"3,526.65",0.0075,3.436372,0.00978943057,3224.3,0.058
2020-09-02,"9,643.50",-0.04,"1,938.90",-0.0173,"3,580.84",0.0154,3.682974,0.07176231211,3004.12,-0.0683
2020-09-03,"8,625.00",-0.11,"1,927.20",-0.0035,"3,455.06",-0.0351,3.43031,-0.06860325378,2612.19,-0.1305
2020-09-04,"8,860.20",0.03,"1,921.60",-0.0018,"3,426.96",-0.0081,3.178766,-0.07332981567,2687.15,0.0287
2020-09-05,"8,602.70",-0.03,,,,,3.125735,-0.01668288889,2487.72,-0.0742
2020-09-06,"8,678.30",0.01,"1,937.65",0.0033,,,2.79802,-0.1048441407,2545.37,0.0232
2020-09-07,"8,792.80",0.01,"1,930.45",-0.0018,,,2.938788,0.05030986197,2567.71,0.0088
2020-09-08,"8,617.50",-0.02,"1,911.70",0.0031,"3,331.84",-0.0278,2.869155,-0.0236944618,2487.46,-0.0313
2020-09-09,"8,679.90",0.01,"1,926.30",0.006,"3,398.96",0.0201,2.838428,-0.0107094249,2535.85,0.0195
2020-09-10,"8,770.90",0.01,"1,948.60",0.0048,"3,339.19",-0.0176,2.920579,0.0289424287,2601.56,0.0259
2020-09-11,"8,795.00",0.00,"1,944.00",-0.0083,"3,340.97",0.0005,2.982824,0.02131255481,2619.54,0.0069
2020-09-12,"8,831.50",0.00,,,,,2.979508,-0.00111169818,2679.7,0.023
2020-09-13,"8,740.50",-0.01,,,,,3.035974,0.01895145104,2585.69,-0.0351
2020-09-14,"9,011.00",0.03,"1,945.20",0.0081,"3,383.54",0.0127,2.954454,-0.02685134985,2646.91,0.0237
2020-09-15,"9,118.30",0.01,"1,955.60",0.0013,"3,401.20",0.0052,3.049846,0.0322875225,2619.77,-0.0103
2020-09-16,"9,285.80",0.02,"1,957.20",0.0022,"3,385.49",-0.0046,3.017266,-0.01068250659,2635.76,0.0061
2020-09-17,"9,246.00",0.00,"1,938.20",-0.0105,"3,357.01",-0.0084,3.024699,0.00246348847,2711.84,0.0289
2020-09-18,"9,245.40",0.00,"1,951.10",0.0063,"3,319.47",-0.0112,3.091946,0.02223262546,2692.68,-0.0071
2020-09-19,"9,370.80",0.01,,,,,3.033211,-0.01899612736,2703.04,0.0038
2020-09-20,"9,233.30",-0.01,,,,,3.05095,0.00584825784,2634.64,-0.0253
2020-09-21,"8,868.80",-0.04,"1,885.40",-0.0262,"3,281.06",-0.0116,2.965365,-0.02805191825,2455.58,-0.068
2020-09-22,"9,003.70",0.02,"1,898.90",-0.0016,"3,315.57",0.0105,2.831285,-0.04521534449,2492.85,0.0152
2020-09-23,"8,790.20",-0.02,"1,856.00",-0.0205,"3,236.92",-0.0237,2.866012,0.01226545544,2366.77,-0.0506
2020-09-24,"9,192.30",0.05,"1,851.00",0.0045,"3,246.59",0.003,2.741229,-0.04353889656,2512.16,0.0614
2020-09-25,"9,196.20",0.00,"1,854.10",-0.0056,"3,298.46",0.016,2.890598,0.05448979272,2547.27,0.014
2020-09-26,"9,226.90",0.00,,,,,3.002638,0.03876014582,2560.16,0.0051
2020-09-27,"9,262.30",0.00,,,,,2.964958,-0.01254896528,2582.71,0.0088
2020-09-28,"9,164.00",-0.01,"1,851.10",0.0086,"3,351.60",0.0161,2.985099,0.00679301359,2556.6,-0.0101
2020-09-29,"9,240.60",0.01,"1,880.80",0.0111,"3,335.47",-0.0048,3.05016,0.02179525704,2591.95,0.0138
2020-09-30,"9,196.60",0.00,"1,885.80",-0.004,"3,363.00",0.0083,2.970572,-0.02609305741,2589.23,-0.001
2020-10-01,"9,051.70",-0.02,"1,890.00",0.011,"3,380.80",0.0053,2.955388,-0.00511147348,2556.28,-0.0127
2020-10-02,"9,033.30",0.00,"1,895.20",-0.0045,"3,348.44",-0.0096,2.917508,-0.01281726799,2509.84,-0.0182
2020-10-03,"9,024.60",0.00,,,,,2.846934,-0.02418982227,2505.47,-0.0017
2020-10-04,"9,109.70",0.01,,,,,2.899836,0.01858209569,2578.16,0.029
2020-10-05,"9,151.00",0.00,"1,891.20",0.0066,"3,408.63",0.018,2.921085,0.00732765577,2594.54,0.0064
2020-10-06,"9,039.60",-0.01,"1,878.20",-0.0059,"3,360.95",-0.014,2.925896,0.00164699076,2537.76,-0.0219
2020-10-07,"9,072.90",0.00,"1,877.10",-0.0094,"3,419.45",0.0174,2.847928,-0.02664756369,2559.02,0.0084
2020-10-08,"9,283.70",0.02,"1,885.30",0.0023,"3,446.83",0.008,2.85978,0.00416162206,2615.2,0.022
2020-10-09,"9,348.70",0.01,"1,898.00",0.0164,"3,477.13",0.0088,2.930407,0.02469665499,2666.03,0.0194
2020-10-10,"9,522.70",0.02,,,,,3.010031,0.02717165227,2701.63,0.0134
2020-10-11,"9,621.40",0.01,,,,,3.082473,0.02406686177,2728.67,0.01
2020-10-12,"9,757.40",0.01,"1,923.80",0.0014,"3,534.22",0.0164,3.077853,-0.00149879658,2765.7,0.0136
2020-10-13,"9,736.30",0.00,"1,889.30",-0.0178,"3,511.93",-0.0063,3.212362,0.0437022171,2760.47,-0.0019
2020-10-14,"9,738.20",0.00,"1,885.00",0.0067,"3,488.67",-0.0066,3.181512,-0.00960352538,2738.29,-0.008
2020-10-15,"9,830.00",0.01,"1,892.70",0.0008,"3,483.34",-0.0015,3.111558,-0.0219876587,2733.89,-0.0016
2020-10-16,"9,674.80",-0.02,"1,901.10",-0.0013,"3,483.81",0.0001,3.12737,0.00508169862,2664.81,-0.0253
2020-10-17,"9,705.00",0.00,,,,,3.0549,-0.02317282573,2668.51,0.0014
2020-10-18,"9,827.20",0.01,,,,,3.066077,0.00365871223,2705.67,0.0139
2020-10-19,"9,987.30",0.02,"1,900.20",0.0028,"3,426.92",-0.0163,3.111809,0.01491547668,2741.45,0.0132
2020-10-20,"10,079.90",0.01,"1,896.60",0.0019,"3,443.12",0.0047,3.136584,0.0079616069,2699.77,-0.0152
2020-10-21,"10,770.40",0.07,"1,911.60",0.0074,"3,435.56",-0.0022,3.057852,-0.02510119289,2872.53,0.064
2020-10-22,"10,980.90",0.02,"1,894.20",-0.0129,"3,453.49",0.0052,3.252747,0.06373591658,2963.52,0.0317
2020-10-23,"10,893.70",-0.01,"1,895.20",0.0003,"3,465.39",0.0034,3.389424,0.04201894583,2947.19,-0.0055
2020-10-24,"11,046.70",0.01,,,,,3.30445,-0.02507033643,2994.48,0.016
2020-10-25,"10,998.00",0.00,,,,,3.331341,0.00813781416,2957.38,-0.0124
2020-10-26,"11,076.00",0.01,"1,892.50",0.0003,"3,400.97",-0.0186,3.308769,-0.00677564981,2894.53,-0.0213
2020-10-27,"11,621.00",0.05,"1,898.70",0.0033,"3,390.68",-0.003,3.259763,-0.01481094631,2972.59,0.027
2020-10-28,"11,319.10",-0.03,"1,869.10",-0.0171,"3,271.03",-0.0353,3.3657,0.03249837488,2892.47,-0.027
2020-10-29,"11,529.40",0.02,"1,859.20",-0.006,"3,310.11",0.0119,3.24501,-0.03585881095,2884.82,-0.0026
2020-10-30,"11,644.10",0.01,"1,863.30",0.0064,"3,269.96",-0.0121,3.238611,-0.00197195078,2863.25,-0.0075
2020-10-31,"11,850.60",0.02,,,,,3.24871,0.00311831214,2895.14,0.0111
2020-11-01,"11,822.60",0.00,,,,,3.304558,0.01719082343,2918.09,0.0079
2020-11-02,"11,659.40",-0.01,"1,873.30",0.0067,"3,310.24",0.0123,3.324067,0.00590366397,2844.44,-0.0252
2020-11-03,"11,929.40",0.02,"1,887.60",0.0095,"3,369.16",0.0178,3.244509,-0.02393393394,2872.73,0.0099
2020-11-04,"12,067.30",0.01,"1,881.80",-0.0074,"3,443.44",0.022,3.244492,-0.00000523962,2901.71,0.0101
2020-11-05,"13,189.90",0.09,"1,902.20",0.0267,"3,510.45",0.0195,3.318488,0.02280665201,3074.07,0.0594
2020-11-06,"13,137.10",0.00,"1,937.20",0.0025,"3,509.44",-0.0003,3.486949,0.05076438426,3218.66,0.047
2020-11-07,"12,429.00",-0.05,,,,,3.656806,0.04871221231,3077.78,-0.0438
2020-11-08,"12,985.10",0.04,,,,,3.486412,-0.04659640134,3197.03,0.0387
2020-11-09,"12,960.40",0.00,"1,848.00",-0.0499,"3,550.50",0.0117,3.640005,0.0440547474,3140.79,-0.0176
2020-11-10,"12,969.00",0.00,"1,858.90",0.0119,"3,545.53",-0.0014,3.60317,-0.01011949159,3147.64,0.0022
2020-11-11,"13,328.00",0.03,"1,853.90",-0.0079,"3,572.66",0.0077,3.687537,0.02341465987,3206.81,0.0188
2020-11-12,"13,819.90",0.04,"1,860.70",0.0063,"3,537.01",-0.01,3.753833,0.01797839588,3249.85,0.0134
2020-11-13,"13,803.00",0.00,"1,872.10",0.0069,"3,585.15",0.0136,3.750648,-0.00084846609,3333.68,0.0258
2020-11-14,"13,599.80",-0.01,,,,,3.816149,0.01746391557,3279.09,-0.0164
2020-11-15,"13,491.60",-0.01,,,,,3.736977,-0.02074656938,3232.39,-0.0142
2020-11-16,"14,094.90",0.04,"1,861.50",0.0008,"3,626.91",0.0116,3.659647,-0.02069319667,3412.54,0.0557
2020-11-17,"14,890.00",0.06,"1,876.30",-0.0014,"3,609.53",-0.0048,3.806823,0.0402159006,3571.87,0.0467
2020-11-18,"15,012.40",0.01,"1,860.30",-0.0059,"3,567.79",-0.0116,3.976298,0.04451874962,3516.25,-0.0156
2020-11-19,"15,033.20",0.00,"1,850.00",-0.0066,"3,581.87",0.0039,3.979025,0.00068581379,3569.97,0.0153
2020-11-20,"15,743.10",0.05,"1,859.10",0.0059,"3,557.54",-0.0068,3.974187,-0.00121587575,3789.69,0.0615
2020-11-21,"15,743.50",0.00,,,,,4.190885,0.05452637231,4341.91,0.1457
2020-11-22,"15,529.40",-0.01,,,,,4.570661,0.09061952308,4245.8,-0.0221
2020-11-23,"15,528.10",0.00,"1,828.00",-0.0185,"3,577.59",0.0056,4.736027,0.03617988733,4915.72,0.1578
2020-11-24,"16,114.20",0.04,"1,803.70",-0.0146,"3,635.41",0.0162,5.118362,0.08072905834,5289.88,0.0761
2020-11-25,"15,728.00",-0.02,"1,804.70",0.0002,"3,629.65",-0.0016,5.304745,0.03641457951,4939.05,-0.0663
2020-11-26,"14,410.20",-0.08,"1,804.20",-0.0023,,,5.041303,-0.04966157657,4362.8,-0.1167
2020-11-27,"14,342.60",0.00,"1,776.50",-0.0105,"3,638.35",0.0024,4.522483,-0.1029138697,4466.57,0.0238
2020-11-28,"14,849.00",0.04,,,,,4.462637,-0.01323299612,4735.9,0.0603
2020-11-29,"15,207.00",0.02,,,,,4.828868,0.08206605198,4804.68,0.0145
2020-11-30,"16,427.40",0.08,"1,767.20",-0.004,"3,621.63",-0.0046,4.900536,0.01484157364,5219.18,0.0863
2020-12-01,"15,578.50",-0.05,"1,778.40",0.0213,"3,662.45",0.0113,5.227302,0.06667964484,4889.8,-0.0631
2020-12-02,"15,877.50",0.02,"1,810.50",0.0062,"3,669.01",0.0018,4.966768,-0.04984100785,5019.14,0.0265
2020-12-03,"16,020.70",0.01,"1,826.70",0.006,"3,666.72",-0.0006,4.996902,0.00606712454,5061.42,0.0084
2020-12-04,"15,417.30",-0.04,"1,832.00",-0.0006,"3,699.12",0.0088,5.097862,0.02020451872,4622.14,-0.0868
2020-12-05,"15,824.90",0.03,,,,,4.708313,-0.07641419089,4834.9,0.046
2020-12-06,"15,983.70",0.01,,,,,4.891999,0.03901312423,4962.05,0.0263
2020-12-07,"15,843.60",-0.01,"1,824.80",0.0141,"3,691.96",-0.0019,4.950562,0.01197117988,4879.81,-0.0166
2020-12-08,"15,143.50",-0.04,"1,863.90",0.0048,"3,702.25",0.0028,4.908771,-0.00844166783,4551.62,-0.0673
2020-12-09,"15,375.30",0.02,"1,828.20",-0.0194,"3,672.82",-0.0079,4.60584,-0.06171218824,4697.15,0.032
2020-12-10,"15,037.60",-0.02,"1,831.50",-0.0006,"3,668.10",-0.0013,4.774771,0.03667756587,4586.7,-0.0235
2020-12-11,"14,893.30",-0.01,"1,826.80",0.0034,"3,663.46",-0.0013,4.644046,-0.02737827636,4483.4,-0.0225
2020-12-12,"15,545.50",0.04,,,,,4.609147,-0.00751478345,4468.6,-0.0033
2020-12-13,"15,786.60",0.02,,,,,4.673265,0.01391103386,4607.88,0.0312
2020-12-14,"15,864.10",0.00,"1,820.00",-0.0062,"3,647.49",-0.0044,4.755949,0.01769298339,4556.86,-0.0111
2020-12-15,"15,997.50",0.01,"1,828.50",0.0127,"3,694.62",0.0129,4.776917,0.00440879412,4497.26,-0.0131
2020-12-16,"17,506.40",0.09,"1,848.20",0.002,"3,701.17",0.0018,4.737698,-0.00821010706,5100.98,0.1342
2020-12-17,"18,598.00",0.06,"1,865.90",0.0168,"3,722.48",0.0058,5.140738,0.08507085086,5241.58,0.0276
2020-12-18,"18,872.00",0.01,"1,881.90",-0.0008,"3,709.41",-0.0035,5.318467,0.03457266252,5336.03,0.018
2020-12-19,"19,403.90",0.03,,,,,5.328134,0.00181762903,5414.6,0.0147
2020-12-20,"19,203.30",-0.01,,,,,5.429048,0.01893983898,5304.29,-0.0204
2020-12-21,"18,592.00",-0.03,"1,859.00",-0.0032,"3,694.92",-0.0039,5.266448,-0.02995000228,4983.19,-0.0605
2020-12-22,"19,535.70",0.05,"1,863.70",-0.0066,"3,687.26",-0.0021,5.126019,-0.02666484127,4966.5,-0.0033
2020-12-23,"19,091.70",-0.02,"1,860.90",0.0042,"3,690.01",0.0007,5.10975,-0.00317380798,4159.19,-0.1626
2020-12-24,"19,479.50",0.02,"1,873.10",0.0027,"3,703.06",0.0035,4.576007,-0.1044557953,4563.04,0.0971
2020-12-25,"20,229.40",0.04,,,,,4.892582,0.06918149382,4684.38,0.0266
2020-12-26,"21,648.20",0.07,,,,,4.943649,0.01043763804,4746.95,0.0134
2020-12-27,"21,360.50",-0.01,,,,,5.06067,0.02367097664,4800.01,0.0112
2020-12-28,"22,133.50",0.04,"1,873.00",-0.0015,"3,735.36",0.0087,5.173456,0.0222867723,4870.9,0.0148
2020-12-29,"22,333.60",0.01,"1,875.60",0.0013,"3,727.04",-0.0022,5.396567,0.04312610371,4794.49,-0.0157
2020-12-30,"23,481.30",0.05,"1,879.50",0.0056,"3,732.04",0.0013,5.381176,-0.00285199832,4902.1,0.0224
2020-12-31,"23,681.90",0.01,"1,889.10",0.0009,"3,756.07",0.0064,5.497647,0.02164415362,4850.08,-0.0106
2021-01-01,"24,035.60",0.01,"1,901.60",0.0034,,,5.549117,0.00936218713,4877.89,0.0057
2021-01-02,"25,930.10",0.08,,,,,5.554798,0.00102376648,5184.21,0.0628
2021-01-03,"26,013.80",0.00,,,,,5.775749,0.03977660394,5967.14,0.151
2021-01-04,"26,105.20",0.00,"1,906.10",0.0237,"3,700.65",-0.0148,6.402525,0.1085185662,6018.12,0.0085
2021-01-05,"27,638.80",0.06,"1,938.40",0.004,"3,726.86",0.0071,6.643146,0.0375822039,6351.76,0.0554
2021-01-06,"29,820.40",0.08,"1,902.60",-0.0234,"3,748.14",0.0057,7.286299,0.09681452131,7261.44,0.1432
2021-01-07,"32,006.00",0.07,"1,907.50",0.0026,"3,803.79",0.0148,8.057765,0.1058789929,7306.21,0.0062
2021-01-08,"33,099.70",0.03,"1,827.80",-0.0409,"3,824.68",0.0055,8.295908,0.02955447323,7297.39,-0.0012
2021-01-09,"32,369.90",-0.02,,,,,8.262503,-0.004026684,7815.76,0.071
2021-01-10,"31,026.20",-0.04,,,,,8.569197,0.03711877624,7626.86,-0.0242
2021-01-11,"29,107.50",-0.06,"1,817.10",0.0084,"3,799.61",-0.0066,8.313849,-0.029798358,6623.08,-0.1316
2021-01-12,"27,928.40",-0.04,"1,835.80",-0.0036,"3,801.19",0.0004,7.348896,-0.1160657356,6417.02,-0.0311
2021-01-13,"30,737.00",0.10,"1,841.60",0.0058,"3,809.84",0.0023,7.318399,-0.00414987503,7016.57,0.0934
2021-01-14,"32,215.50",0.05,"1,826.60",-0.0019,"3,795.54",-0.0038,7.961185,0.08783150522,7377.4,0.0514
2021-01-15,"30,502.40",-0.05,"1,822.10",-0.0116,"3,768.25",-0.0072,8.26477,0.03813314224,6941.98,-0.059
2021-01-16,"29,823.80",-0.02,,,,,8.213937,-0.00615056438,7029.07,0.0125
2021-01-17,"29,632.00",-0.01,"1,803.60",-0.011,,,8.656492,0.05387854813,7025.79,-0.0005
2021-01-18,"30,290.10",0.02,"1,809.65",0.0148,,,9.032447,0.04343041038,7253.1,0.0324
2021-01-19,"29,641.20",-0.02,"1,800.80",0.002,"3,798.91",0.0081,8.898496,-0.01482997907,7387.57,0.0185
2021-01-20,"29,298.10",-0.01,"1,831.10",0.0143,"3,851.85",0.0139,9.228103,0.03704075385,7327.76,-0.0081
2021-01-21,"25,353.40",-0.13,"1,857.50",-0.0003,"3,853.07",0.0003,8.905793,-0.03492700504,6162.96,-0.159
2021-01-22,"27,133.30",0.07,"1,836.30",-0.0052,"3,841.47",-0.003,7.642128,-0.1418924738,6656.21,0.08
2021-01-23,"26,385.60",-0.03,,,,,8.336962,0.0909215339,6587.41,-0.0103
2021-01-24,"26,522.70",0.01,,,,,8.53979,0.02432876628,6925.75,0.0514
2021-01-25,"26,615.20",0.00,"1,850.00",0.0015,"3,855.36",0.0036,8.790107,0.0293118449,6716.71,-0.0302
2021-01-26,"26,734.20",0.00,"1,851.10",-0.0023,"3,849.62",-0.0015,8.653711,-0.01551698972,6786.97,0.0105
2021-01-27,"25,153.70",-0.06,"1,832.40",-0.0032,"3,750.77",-0.0257,8.68131,0.00318926759,6178.85,-0.0896
2021-01-28,"27,542.50",0.10,"1,835.60",-0.0042,"3,787.38",0.0098,8.030758,-0.07493707747,6787.11,0.0984
2021-01-29,"28,294.50",0.03,"1,841.20",0.0049,"3,714.24",-0.0193,8.786275,0.09407791892,6917.47,0.0192
2021-01-30,"28,266.60",0.00,,,,,8.928529,0.0161904789,7027.57,0.0159
2021-01-31,"27,355.50",-0.03,,,,,9.333497,0.04535663153,6733.59,-0.0418
2021-02-01,"27,796.70",0.02,"1,851.70",0.0074,"3,773.86",0.0161,9.354319,0.00223088945,6957.88,0.0333
2021-02-02,"29,482.00",0.06,"1,830.40",-0.0164,"3,826.31",0.0139,9.950205,0.06370169758,7458.95,0.072
2021-02-03,"31,266.70",0.06,"1,830.10",0.0009,"3,830.17",0.001,10.674584,0.07280040964,7998.39,0.0723
2021-02-04,"30,933.70",-0.01,"1,784.60",-0.0239,"3,871.74",0.0109,11.147506,0.04430355319,7632.38,-0.0458
2021-02-05,"31,825.50",0.03,"1,792.20",0.0122,"3,886.83",0.0039,11.193649,0.00413931152,8131.02,0.0653
2021-02-06,"32,617.50",0.02,,,,,12.325339,0.1011010797,8199.34,0.0084
2021-02-07,"32,298.10",-0.01,,,,,12.787909,0.03753000222,8020.39,-0.0218
2021-02-08,"38,523.70",0.19,"1,807.30",0.0117,"3,915.59",0.0074,12.579705,-0.01628131698,8865.26,0.1053
2021-02-09,"38,407.10",0.00,"1,830.30",0.0018,"3,911.23",-0.0011,13.508704,0.07384902905,9116.29,0.0283
2021-02-10,"37,032.00",-0.04,"1,834.00",0.0028,"3,909.88",-0.0003,14.137124,0.04651963652,8997.09,-0.0131
2021-02-11,"39,548.00",0.07,"1,821.70",-0.0086,"3,916.38",0.0017,15.589528,0.1027368792,9461.75,0.0516
2021-02-12,"39,156.80",-0.01,"1,810.10",-0.002,"3,934.83",0.0047,17.751774,0.1386986187,9959.66,0.0526
2021-02-13,"39,057.50",0.00,,,,,19.243998,0.08406055643,10506.6,0.0549
2021-02-14,"40,205.60",0.03,"1,820.15",-0.0012,,,19.426892,0.00950395027,10405.2,-0.0097
2021-02-15,"39,570.30",-0.02,"1,815.60",-0.0013,,,18.909581,-0.02662860328,10210,-0.0188
2021-02-16,"40,677.80",0.03,"1,788.10",-0.0109,"3,932.59",-0.0006,18.517605,-0.02072896274,10240.3,0.003
2021-02-17,"43,292.30",0.06,"1,767.90",-0.0146,"3,931.33",-0.0003,18.151492,-0.01977107731,10793.7,0.054
2021-02-18,"42,740.50",-0.01,"1,766.60",0.0012,"3,913.97",-0.0044,18.686547,0.02947719119,10799.6,0.0005
2021-02-19,"46,108.70",0.08,"1,759.00",0.0014,"3,906.71",-0.0019,19.235571,0.02938070902,11204.7,0.0375
2021-02-20,"46,261.40",0.00,,,,,19.525569,0.01507613161,10865.3,-0.0303
2021-02-21,"47,427.40",0.03,,,,,20.828996,0.0667548792,11057.9,0.0177
2021-02-22,"44,570.20",-0.06,"1,778.60",0.0174,"3,876.50",-0.0077,20.65966,-0.00812982056,10176.3,-0.0797
2021-02-23,"40,253.90",-0.10,"1,794.50",-0.0014,"3,881.37",0.0013,19.673025,-0.04775659425,8843.65,-0.131
2021-02-24,"40,915.10",0.02,"1,782.20",-0.0044,"3,925.43",0.0114,16.704746,-0.1508806602,9079.82,0.0267
2021-02-25,"38,797.10",-0.05,"1,763.90",-0.0125,"3,829.34",-0.0245,17.833593,0.06757642409,8543.09,-0.0591
2021-02-26,"38,480.50",-0.01,"1,714.90",-0.0262,"3,811.15",-0.0048,17.799594,-0.00190645822,8392.14,-0.0177
2021-02-27,"38,358.80",0.00,,,,,17.963089,0.00918532187,8532.18,0.0167
2021-02-28,"37,385.00",-0.03,,,,,18.879716,0.05102836155,8214.83,-0.0372
2021-03-01,"41,224.50",0.10,"1,717.20",-0.0034,"3,901.82",0.0238,18.351412,-0.02798262431,8935.8,0.0878
2021-03-02,"40,153.40",-0.03,"1,704.60",0.0062,"3,870.29",-0.0081,19.637481,0.07008011155,8768.53,-0.0187
2021-03-03,"41,923.30",0.04,"1,699.40",-0.0103,"3,819.72",-0.0131,18.880066,-0.03856986545,9087.67,0.0364
2021-03-04,"40,493.40",-0.03,"1,687.60",-0.0088,"3,768.47",-0.0134,19.802682,0.04886720205,8812.41,-0.0303
2021-03-05,"40,926.70",0.01,"1,683.00",-0.0013,"3,841.94",0.0195,18.534644,-0.06403364958,8780.61,-0.0036
2021-03-06,"41,019.10",0.00,,,,,19.1693,0.03424160723,9014.59,0.0266
2021-03-07,"42,709.90",0.04,,,,,18.900933,-0.01399983307,9375.7,0.0401
2021-03-08,"44,115.20",0.03,"1,673.30",-0.0121,"3,821.35",-0.0054,19.080252,0.00948730944,9681.22,0.0326
2021-03-09,"46,142.20",0.05,"1,676.70",0.0232,"3,875.44",0.0142,19.648582,0.02978629423,10047.5,0.0378
2021-03-10,"46,888.20",0.02,"1,705.60",0.0029,"3,898.81",0.006,21.029522,0.07028191653,9871.7,-0.0175
2021-03-11,"45,687.00",-0.03,"1,721.70",0.0079,"3,939.34",0.0104,20.277433,-0.03576348526,10034.3,0.0165
2021-03-12,"47,804.60",-0.01,"1,719.80",-0.0016,"3,943.34",0.001,19.5931,-0.0337,9981.41,-0.0053
2021-03-13,"50,225.80",0.0506,,,,,18.49306,-0.0561,10667.1,0.0687
2021-03-14,"49,345.80",-0.0175,,,,,19.1645,0.0363,10183.2,-0.0454
2021-03-15,"46,740.50",-0.05,"1,729.20",0.0055,"3,968.94",0.0065,19.07098,-0.0049,9733.8,-0.0441
2021-03-16,"47,793.00",0.02,"1,730.90",0.001,"3,962.71",-0.0016,18.3933,-0.0355,9865.06,0.0135
2021-03-17,"49,139.50",0.03,"1,727.10",-0.0022,"3,974.12",0.0029,19.619,0.0666,10079.9,0.0218
2021-03-18,"48,439.90",-0.01,"1,732.50",0.0031,"3,915.46",-0.0148,21.12226,0.0766,9830.84,-0.0247
2021-03-19,"48,861.80",0.01,"1,741.70",0.0053,"3,913.10",-0.0006,20.3081,-0.0385,9933.76,0.0105
2021-03-20,"48,831.80",-0.0006,,,,,20.798417,0.0241,9933.76,0.0105
2021-03-21,48866.9,0.0004,1743.5,0.001,,,20.76,0,9999.58,0.0172
2021-03-22,48332.4,-0.0109,1737.25,-0.0036,3916.48,0.0009,20.28,-0.0002,9822.17,-0.0177
2021-03-23,45445.6,-0.0597,1738.75,0.0009,3934.7,0.0047,19.15,-0.0006,9341.75,-0.0489
2021-03-24,45954.7,0.0112,1725.95,-0.0074,3925.5,-0.0023,18.95,-0.0001,9337.54,-0.0005
2021-03-25,44346.8,-0.035,1733.65,0.0045,3879.34,-0.0118,17.85,-0.0006,8824.81,-0.0549
2021-03-26,43627.2,-0.0162,1726.15,-0.0043,3923,0.0113,18.02,0.0001,8742.37,-0.0093
2021-3-27,46730.4,0.0711,,,,,19.46,0.0008,9357.96,0.0704
