Date,BTC-EUR (Price),BTC-EUR (Change),BTC-EUR (Change),Gen,Gold (Price),Gld,Gold (Change),,SPX-500 (Price),SPX-500 (Change),Myfund (Price),Myfund-Change,MVIS Price,MVIS Change,
12/17/2018,"3,116.30",8.83%,0.09,8.83,"1,317.40",0.80,0.01,0.80,"2,545.94",-2.08%,1,1.00%,1331.21,12.31%,
12/18/2018,"3,250.80",4.31%,0.04,4.31,"1,318.50",0.08,0.00,0.08,"2,546.16",0.01%,1.025792,2.58%,1413.39,6.17%,
12/19/2018,"3,259.60",0.27%,0.00,0.27,"1,321.30",0.21,0.00,0.21,"2,506.96",-1.54%,1.021829,-0.39%,1418.97,0.39%,
12/20/2018,"3,586.50",10.03%,0.10,10.03,"1,333.10",0.89,0.01,0.89,"2,467.42",-1.58%,1.035229,1.31%,1624.37,14.48%,
12/21/2018,"3,409.10",-4.95%,-0.05,-4.95,"1,323.10",-0.75,-0.01,-0.75,"2,416.62",-2.06%,1.025792,-0.91%,1541.73,-5.09%,
12/22/2018,"3,530.70",3.57%,0.04,3.57,,0.00,,0.00,,,1.025792,0.00%,1601.08,3.85%,
12/23/2018,"3,507.10",-0.67%,-0.01,-0.67,,0.00,,0.00,,,1.016708,-0.89%,1654.1,3.31%,
12/24/2018,"3,568.80",1.76%,0.02,1.76,"1,337.00",1.05,0.01,1.05,"2,351.10",-2.71%,1.090335,7.24%,1704.73,3.06%,
12/25/2018,"3,353.10",-6.04%,-0.06,-6.04,"1,270.65",-4.96,-0.05,-4.96,,,1.009477,-7.42%,1590.08,-6.73%,
12/26/2018,"3,393.20",1.20%,0.01,1.2,"1,343.00",5.32,0.05,5.32,"2,467.70",4.96%,1.02526,1.56%,1606.12,1.01%,
12/27/2018,"3,179.40",-6.30%,-0.06,-6.3,"1,346.50",0.61,0.01,0.61,"2,488.83",0.86%,1.021572,-0.36%,1445.64,-9.99%,
12/28/2018,"3,440.50",8.21%,0.08,8.21,"1,348.30",0.13,0.00,0.13,"2,485.74",-0.12%,1.070198,4.76%,1640.98,13.51%,
12/29/2018,"3,303.50",-3.98%,-0.04,-3.98,,0.00,,0.00,,,1.073075,0.27%,1575.83,-3.97%,
12/30/2018,"3,403.30",3.02%,0.03,3.02,,0.00,,0.00,,,1.08738,1.33%,1606.6,1.95%,
12/31/2018,"3,256.50",-4.31%,-0.04,-4.31,"1,347.10",-0.09,0.00,-0.09,"2,506.85",0.85%,1.036922,-4.64%,1516.67,-5.60%,
1/1/2019,"3,380.60",3.81%,0.04,3.81,"1,282.85",-4.73,-0.05,-4.73,,,1.094844,5.59%,1609.74,6.14%,
1/2/2019,"3,476.40",2.83%,0.03,2.83,"1,349.50",5.15,0.05,5.15,"2,510.03",0.13%,1.205479,10.11%,1677.11,4.19%,
1/3/2019,"3,349.70",-3.64%,-0.04,-3.64,"1,359.80",0.76,0.01,0.76,"2,447.89",-2.48%,1.15953,-3.81%,1596.54,-4.80%,
1/4/2019,"3,389.90",1.20%,0.01,1.2,"1,351.80",-0.65,-0.01,-0.65,"2,531.94",3.43%,1.201825,3.65%,1621.98,1.59%,
1/5/2019,"3,369.00",-0.62%,-0.01,-0.62,,0.00,,0.00,,,1.210066,0.69%,1627.49,0.34%,
1/6/2019,"3,571.70",6.01%,0.06,6.01,,0.00,,0.00,,,1.226471,1.36%,1727.65,6.15%,
1/7/2019,"3,521.70",-1.40%,-0.01,-1.4,"1,355.20",0.31,0.00,0.31,"2,549.69",0.70%,1.248421,1.79%,1685.82,-2.42%,
1/8/2019,"3,519.90",-0.05%,0.00,-0.05,"1,351.10",-0.30,0.00,-0.30,"2,574.41",0.97%,1.2679,1.56%,1696.55,0.64%,
1/9/2019,"3,493.80",-0.74%,-0.01,-0.74,"1,357.30",0.46,0.00,0.46,"2,584.96",0.41%,1.275642,0.61%,1694.21,-0.14%,
1/10/2019,"3,178.60",-9.02%,-0.09,-9.02,"1,353.00",-0.32,0.00,-0.32,"2,596.64",0.45%,1.297121,1.68%,1477.94,-12.77%,
1/11/2019,"3,192.60",0.44%,0.00,0.44,"1,355.40",0.18,0.00,0.18,"2,596.26",-0.01%,1.29084,-0.48%,1454.62,-1.58%,
1/12/2019,"3,195.60",0.10%,0.00,0.1,,0.00,,0.00,,,1.297328,0.50%,1460.99,0.44%,
1/13/2019,"3,089.30",-3.33%,-0.03,-3.33,,0.00,,0.00,,,1.299759,0.19%,1384.51,-5.23%,
1/14/2019,"3,215.80",4.09%,0.04,4.09,"1,357.20",0.13,0.00,0.13,"2,582.61",-0.53%,1.29384,-0.46%,1476.33,6.63%,
1/15/2019,"3,165.00",-1.58%,-0.02,-1.58,"1,353.70",-0.26,0.00,-0.26,"2,610.30",1.07%,1.293632,-0.02%,1422.83,-3.62%,
1/16/2019,"3,185.90",0.66%,0.01,0.66,"1,359.30",0.41,0.00,0.41,"2,616.10",0.22%,1.296631,0.23%,1435.97,0.92%,
1/17/2019,"3,209.60",0.74%,0.01,0.74,"1,357.90",-0.10,0.00,-0.10,"2,635.96",0.76%,1.298256,0.13%,1450.63,1.02%,
1/18/2019,"3,196.80",-0.40%,0.00,-0.4,"1,348.10",-0.72,-0.01,-0.72,"2,670.71",1.32%,1.294908,-0.26%,1419.66,-2.13%,
1/19/2019,"3,274.80",2.44%,0.02,2.44,,0.00,,0.00,,,1.294927,0.00%,1457.04,2.63%,
1/20/2019,"3,136.60",-4.22%,-0.04,-4.22,"1,280.50",-4.90,-0.05,-4.90,,,1.291738,-0.25%,1389.49,-4.64%,
1/21/2019,"3,128.90",-0.24%,0.00,-0.24,"1,276.15",-0.23,0.00,-0.23,,,1.291982,0.02%,1388.85,-0.05%,
1/22/2019,"3,167.70",1.24%,0.01,1.24,"1,348.40",5.42,0.05,5.42,"2,632.90",-1.42%,1.29558,0.28%,1412.51,1.70%,
1/23/2019,"3,137.40",-0.96%,-0.01,-0.96,"1,349.30",0.07,0.00,0.07,"2,638.70",0.22%,1.294462,-0.09%,1410.27,-0.16%,
1/24/2019,"3,186.10",1.55%,0.02,1.55,"1,344.90",-0.33,0.00,-0.33,"2,642.33",0.14%,1.293693,-0.06%,1421.18,0.77%,
1/25/2019,"3,140.50",-1.43%,-0.01,-1.43,"1,360.00",1.42,0.01,1.42,"2,664.76",0.85%,1.295311,0.13%,1404.19,-1.20%,
1/26/2019,"3,148.90",0.27%,0.00,0.27,,0.00,,0.00,,,1.296252,0.07%,1399.93,-0.30%,
1/27/2019,"3,127.60",-0.68%,-0.01,-0.68,,0.00,,0.00,,,1.299911,0.28%,1364.61,-2.52%,
1/28/2019,"3,019.50",-3.46%,-0.03,-3.46,"1,369.80",0.43,0.00,0.43,"2,643.85",-0.78%,1.291585,-0.64%,1290.48,-5.43%,
1/29/2019,"2,989.00",-1.01%,-0.01,-1.01,"1,375.60",0.42,0.00,0.42,"2,640.00",-0.15%,1.293118,0.12%,1270.7,-1.53%,
1/30/2019,"3,026.50",1.26%,0.01,1.26,"1,377.60",0.02,0.00,0.02,"2,681.05",1.55%,1.291426,-0.13%,1327.69,4.48%,
1/31/2019,"2,995.70",-1.02%,-0.01,-1.02,"1,384.00",0.59,0.01,0.59,"2,704.10",0.86%,1.295604,0.32%,1299.48,-2.12%,
2/1/2019,"3,031.90",1.21%,0.01,1.21,"1,382.60",-0.21,0.00,-0.21,"2,706.53",0.09%,1.290308,-0.41%,1308.14,0.67%,
2/2/2019,"3,054.40",0.74%,0.01,0.74,,0.00,,0.00,,,1.294425,0.32%,1346.54,2.94%,
2/3/2019,"2,991.80",-2.05%,-0.02,-2.05,,0.00,,0.00,,,1.299282,0.38%,1305.18,-3.07%,
2/4/2019,"3,010.60",0.63%,0.01,0.63,"1,378.30",-0.20,0.00,-0.20,"2,724.87",0.68%,1.292104,-0.55%,1305.37,0.01%,
2/5/2019,"3,027.50",0.56%,0.01,0.56,"1,378.60",0.02,0.00,0.02,"2,737.70",0.47%,1.298854,0.52%,1303.41,-0.15%,
2/6/2019,"2,991.80",-1.18%,-0.01,-1.18,"1,373.80",-0.35,0.00,-0.35,"2,731.61",-0.22%,1.297302,-0.12%,1263.68,-3.05%,
2/7/2019,"2,976.10",-0.52%,-0.01,-0.52,"1,373.60",-0.01,0.00,-0.01,"2,706.05",-0.94%,1.294053,-0.25%,1270.81,0.56%,
2/8/2019,"3,220.50",8.21%,0.08,8.21,"1,377.80",0.31,0.00,0.31,"2,707.88",0.07%,1.290027,-0.31%,1451.08,14.19%,
2/9/2019,"3,219.90",-0.02%,0.00,-0.02,,0.00,,0.00,,,1.291396,0.11%,1457.85,0.47%,
2/10/2019,"3,262.70",1.33%,0.01,1.33,,0.00,,0.00,,,1.297407,0.47%,1485.38,1.89%,
2/11/2019,"3,224.00",-1.19%,-0.01,-1.19,"1,371.20",-0.48,0.00,-0.48,"2,709.80",0.07%,1.297388,0.00%,1421.38,-4.31%,
2/12/2019,"3,186.00",-1.18%,-0.01,-1.18,"1,373.20",0.15,0.00,0.15,"2,744.73",1.29%,1.29825,0.07%,1439.44,1.27%,
2/13/2019,"3,199.30",0.42%,0.00,0.42,"1,374.60",0.10,0.00,0.10,"2,753.03",0.30%,1.298079,-0.01%,1415.68,-1.65%,
2/14/2019,"3,184.40",-0.47%,0.00,-0.47,"1,373.20",-0.10,0.00,-0.10,"2,745.73",-0.27%,1.298158,0.01%,1407.4,-0.58%,
2/15/2019,"3,188.00",0.11%,0.00,0.11,"1,381.20",0.58,0.01,0.58,"2,775.60",1.09%,1.29423,-0.30%,1425.81,1.31%,
2/16/2019,"3,211.20",0.73%,0.01,0.73,,0.00,,0.00,,,1.294151,-0.01%,1437.32,0.81%,
2/17/2019,"3,248.40",1.16%,0.01,1.16,"1,323.85",-4.12,-0.04,-4.12,,,1.29871,0.35%,1472.97,2.48%,
2/18/2019,"3,444.50",6.04%,0.06,6.04,"1,324.05",0.40,0.00,0.40,,,1.295895,-0.22%,1595.79,8.34%,
2/19/2019,"3,459.50",0.44%,0.00,0.44,"1,403.90",5.59,0.06,5.59,"2,779.76",0.15%,1.290064,-0.45%,1604.64,0.55%,
2/20/2019,"3,509.50",1.45%,0.01,1.45,"1,406.70",0.20,0.00,0.20,"2,784.70",0.18%,1.292718,0.21%,1669.81,4.06%,
2/21/2019,"3,476.90",-0.93%,-0.01,-0.93,"1,388.00",-1.39,-0.01,-1.39,"2,774.88",-0.35%,1.296128,0.26%,1613.61,-3.37%,
2/22/2019,"3,513.10",1.04%,0.01,1.04,"1,392.50",0.38,0.00,0.38,"2,792.67",0.64%,1.299142,0.23%,1641.16,1.71%,
2/23/2019,"3,657.00",4.10%,0.04,4.1,,0.00,,0.00,,,1.294635,-0.35%,1721.1,4.87%,
2/24/2019,"3,326.10",-9.05%,-0.09,-9.05,,0.00,,0.00,,,1.296203,0.12%,1489.49,-13.46%,
2/25/2019,"3,382.20",1.69%,0.02,1.69,"1,389.00",-0.25,0.00,-0.25,"2,796.11",0.12%,1.297069,0.07%,1560.06,4.74%,
2/26/2019,"3,352.00",-0.89%,-0.01,-0.89,"1,387.90",-0.08,0.00,-0.08,"2,793.90",-0.08%,1.293619,-0.27%,1535.38,-1.58%,
2/27/2019,"3,361.00",0.27%,0.00,0.27,"1,380.50",-0.53,-0.01,-0.53,"2,792.38",-0.05%,1.29838,0.37%,1529.88,-0.36%,
2/28/2019,"3,365.50",0.13%,0.00,0.13,"1,374.00",-0.38,0.00,-0.38,"2,784.49",-0.28%,1.293201,-0.40%,1535.06,0.34%,
3/1/2019,"3,371.70",0.18%,0.00,0.18,"1,358.30",-1.24,-0.01,-1.24,"2,803.69",0.69%,1.290791,-0.19%,1551.02,1.04%,
3/2/2019,"3,393.60",0.65%,0.01,0.65,,0.00,,0.00,,,1.293453,0.21%,1554.91,0.25%,
3/3/2019,"3,371.40",-0.66%,-0.01,-0.66,,0.00,,0.00,,,1.298214,0.37%,1542.63,-0.79%,
3/4/2019,"3,291.50",-2.37%,-0.02,-2.37,"1,346.30",-0.88,-0.01,-0.88,"2,792.81",-0.39%,1.293383,-0.37%,1486.17,-3.66%,
3/5/2019,"3,422.70",3.99%,0.04,3.99,"1,343.50",-0.21,0.00,-0.21,"2,789.65",-0.11%,1.29152,-0.14%,1600.43,7.69%,
3/6/2019,"3,424.40",0.05%,0.00,0.05,"1,346.50",0.22,0.00,0.22,"2,771.45",-0.65%,1.299061,0.58%,1623.88,1.47%,
3/7/2019,"3,461.80",1.09%,0.01,1.09,"1,344.90",-0.12,0.00,-0.12,"2,748.93",-0.81%,1.293152,-0.45%,1627.84,0.24%,
3/8/2019,"3,446.00",-0.46%,0.00,-0.46,"1,358.50",1.01,0.01,1.01,"2,743.07",-0.21%,1.290606,-0.20%,1604.13,-1.46%,
3/9/2019,"3,510.30",1.87%,0.02,1.87,,0.00,,0.00,,,1.292686,0.16%,1655.25,3.19%,
3/10/2019,"3,493.00",-0.49%,0.00,-0.49,,0.00,,0.00,,,1.293279,0.05%,1658.42,0.19%,
3/11/2019,"3,444.90",-1.38%,-0.01,-1.38,"1,350.00",-0.63,-0.01,-0.63,"2,783.30",1.47%,1.290498,-0.22%,1631.63,-1.62%,
3/12/2019,"3,443.10",-0.05%,0.00,-0.05,"1,356.60",0.49,0.00,0.49,"2,791.52",0.30%,1.295241,0.37%,1654.03,1.37%,
3/13/2019,"3,410.40",-0.95%,-0.01,-0.95,"1,368.10",0.85,0.01,0.85,"2,810.92",0.69%,1.296067,0.06%,1651.63,-0.15%,
3/14/2019,"3,431.80",0.63%,0.01,0.63,"1,352.90",-1.11,-0.01,-1.11,"2,808.48",-0.09%,1.299565,0.27%,1658.52,0.42%,
3/15/2019,"3,463.40",0.92%,0.01,0.92,"1,360.60",0.57,0.01,0.57,"2,822.48",0.50%,1.290509,-0.70%,1713.48,3.31%,
3/16/2019,"3,554.20",2.62%,0.03,2.62,,0.00,,0.00,,,1.297128,0.51%,1771.73,3.40%,
3/17/2019,"3,544.70",-0.27%,0.00,-0.27,,0.00,,0.00,,,1.298469,0.10%,1760.14,-0.65%,
3/18/2019,"3,521.90",-0.64%,-0.01,-0.64,"1,359.40",-0.09,0.00,-0.09,"2,832.94",0.37%,1.293571,-0.38%,1767.95,0.44%,
3/19/2019,"3,551.00",0.83%,0.01,0.83,"1,364.70",0.39,0.00,0.39,"2,832.57",-0.01%,1.292512,-0.08%,1772.23,0.24%,
3/20/2019,"3,550.10",-0.03%,0.00,-0.03,"1,359.50",-0.38,0.00,-0.38,"2,824.23",-0.29%,1.293833,0.10%,1777.63,0.30%,
3/21/2019,"3,514.20",-1.01%,-0.01,-1.01,"1,364.50",0.37,0.00,0.37,"2,854.88",1.09%,1.292346,-0.11%,1725.92,-2.91%,
3/22/2019,"3,538.70",0.70%,0.01,0.7,"1,368.20",0.35,0.00,0.35,"2,800.71",-1.90%,1.296544,0.32%,1745.37,1.13%,
3/23/2019,"3,535.80",-0.08%,0.00,-0.08,,0.00,,0.00,,,1.294785,-0.14%,1770.48,1.44%,
3/24/2019,"3,550.20",0.41%,0.00,0.41,,0.00,,0.00,,,1.295067,0.02%,1747.35,-1.31%,
3/25/2019,"3,472.70",-2.18%,-0.02,-2.18,"1,378.10",0.64,0.01,0.64,"2,798.36",-0.08%,1.299828,0.37%,1707.83,-2.26%,
3/26/2019,"3,491.30",0.54%,0.01,0.54,"1,369.30",-0.64,-0.01,-0.64,"2,818.46",0.72%,1.293171,-0.51%,1712.75,0.29%,
3/27/2019,"3,586.30",2.72%,0.03,2.72,"1,363.80",-0.40,0.00,-0.40,"2,805.37",-0.46%,1.296166,0.23%,1790.59,4.54%,
3/28/2019,"3,588.20",0.06%,0.00,0.06,"1,342.20",-1.57,-0.02,-1.57,"2,815.44",0.36%,1.293959,-0.17%,1767.06,-1.31%,
3/29/2019,"3,661.30",2.04%,0.02,2.04,"1,354.10",0.27,0.00,0.27,"2,834.40",0.67%,1.297906,0.31%,1802.1,1.98%,
3/30/2019,"3,665.00",0.10%,0.00,0.1,,0.00,,0.00,,,1.294718,-0.25%,1785.58,-0.92%,
3/31/2019,"3,665.40",0.01%,0.00,0.01,,0.00,,0.00,,,1.290209,-0.35%,1790.66,0.28%,
4/1/2019,"3,707.50",1.15%,0.01,1.15,"1,342.70",-0.25,0.00,-0.25,"2,867.19",1.16%,1.292697,0.19%,1801.41,0.60%,
4/2/2019,"4,382.30",18.20%,0.18,18.2,"1,340.80",0.09,0.00,0.09,"2,867.24",0.00%,1.294753,0.16%,2174.89,20.73%,
4/3/2019,"4,428.10",1.05%,0.01,1.05,"1,344.00",0.01,0.00,0.01,"2,873.40",0.21%,1.295316,0.04%,2284.14,5.02%,
4/4/2019,"4,381.30",-1.06%,-0.01,-1.06,"1,343.50",-0.04,0.00,-0.04,"2,879.39",0.21%,1.298804,0.27%,2228.44,-2.44%,
4/5/2019,"4,502.70",2.77%,0.03,2.77,"1,345.20",0.13,0.00,0.13,"2,892.74",0.46%,1.296803,-0.15%,2357.11,5.77%,
4/6/2019,"4,516.50",0.31%,0.00,0.31,,0.00,,0.00,,,1.290224,-0.51%,2380.66,1.00%,
4/7/2019,"4,651.80",3.00%,0.03,3,,0.00,,0.00,,,1.296932,0.52%,2498.42,4.95%,
4/8/2019,"4,707.70",1.20%,0.01,1.2,"1,351.90",0.50,0.01,0.50,"2,895.77",0.10%,1.291481,-0.42%,2457.43,-1.64%,
4/9/2019,"4,626.10",-1.73%,-0.02,-1.73,"1,358.40",0.48,0.00,0.48,"2,878.20",-0.61%,1.299216,0.60%,2378.84,-3.20%,
4/10/2019,"4,729.00",2.23%,0.02,2.23,"1,363.90",0.40,0.00,0.40,"2,888.21",0.35%,1.298779,-0.03%,2415.94,1.56%,
4/11/2019,"4,500.10",-4.84%,-0.05,-4.84,"1,356.60",-1.50,-0.02,-1.50,"2,888.32",0.00%,1.296726,-0.16%,2215.73,-8.29%,
4/12/2019,"4,519.00",0.42%,0.00,0.42,"1,346.30",0.22,0.00,0.22,"2,907.41",0.66%,1.290817,-0.46%,2230.23,0.65%,
4/13/2019,"4,528.10",0.20%,0.00,0.2,,0.00,,0.00,,,1.299029,0.64%,2222.86,-0.33%,
4/14/2019,"4,592.70",1.43%,0.01,1.43,,0.00,,0.00,,,1.294919,-0.32%,2290.4,3.04%,
4/15/2019,"4,475.50",-2.55%,-0.03,-2.55,"1,342.40",-0.29,0.00,-0.29,"2,905.58",-0.06%,1.296171,0.10%,2246.31,-1.92%,
4/16/2019,"4,626.70",3.38%,0.03,3.38,"1,329.00",-1.07,-0.01,-1.07,"2,907.06",0.05%,1.293208,-0.23%,2307.89,2.74%,
4/17/2019,"4,646.30",0.42%,0.00,0.42,"1,327.60",-0.04,0.00,-0.04,"2,900.45",-0.23%,1.297999,0.37%,2305.8,-0.09%,
4/18/2019,"4,716.20",1.50%,0.02,1.5,"1,326.90",-0.05,0.00,-0.05,"2,905.03",0.16%,1.321335,1.80%,2335.03,1.27%,
4/19/2019,"4,724.40",0.17%,0.00,0.17,"1,277.90",-3.69,-0.04,-3.69,,,1.338272,1.28%,2326.03,-0.39%,
4/20/2019,"4,750.00",0.54%,0.01,0.54,,0.00,,0.00,,,1.337691,-0.04%,2308.5,-0.75%,
4/21/2019,"4,738.40",-0.24%,0.00,-0.24,,0.00,,0.00,,,1.322101,-1.17%,2243.93,-2.80%,
4/22/2019,"4,804.60",1.40%,0.01,1.4,"1,328.50",3.96,0.04,3.96,"2,907.97",0.10%,1.336251,1.07%,2260.12,0.72%,
4/23/2019,"4,952.50",3.08%,0.03,3.08,"1,323.80",-0.35,0.00,-0.35,"2,933.68",0.88%,1.332986,-0.24%,2233.11,-1.20%,
4/24/2019,"4,902.40",-1.01%,-0.01,-1.01,"1,329.90",0.46,0.00,0.46,"2,927.25",-0.22%,1.289291,-3.28%,2156.87,-3.41%,
4/25/2019,"4,645.60",-5.24%,-0.05,-5.24,"1,330.20",0.02,0.00,0.02,"2,926.17",-0.04%,1.250892,-2.98%,2042.57,-5.30%,
4/26/2019,"4,676.20",0.66%,0.01,0.66,"1,339.20",0.68,0.01,0.68,"2,939.88",0.47%,1.235586,-1.22%,2082.56,1.96%,
4/27/2019,"4,708.00",0.68%,0.01,0.68,,0.00,,0.00,,,1.231758,-0.31%,2077.71,-0.23%,
4/28/2019,"4,710.70",0.06%,0.00,0.06,,0.00,,0.00,,,1.222972,-0.71%,2055.52,-1.07%,
4/29/2019,"4,651.00",-1.27%,-0.01,-1.27,"1,331.60",-0.57,-0.01,-0.57,"2,943.03",0.11%,1.206645,-1.34%,2006.09,-2.40%,
4/30/2019,"4,735.10",1.81%,0.02,1.81,"1,335.70",0.31,0.00,0.31,"2,945.83",0.10%,1.260836,4.49%,2148.97,7.12%,
5/1/2019,"4,800.20",1.38%,0.01,1.38,"1,334.20",-0.11,0.00,-0.11,"2,923.73",-0.75%,1.25034,-0.83%,2137.94,-0.51%,
5/2/2019,"4,874.10",1.54%,0.02,1.54,"1,323.00",-0.90,-0.01,-0.90,"2,917.52",-0.21%,1.260447,0.81%,2134.61,-0.16%,
5/3/2019,"5,100.10",4.64%,0.05,4.64,"1,331.70",0.72,0.01,0.72,"2,945.64",0.96%,1.305774,3.60%,2245.02,5.17%,
5/4/2019,"5,214.30",2.24%,0.02,2.24,,0.00,,0.00,,,1.275297,-2.33%,2221.63,-1.04%,
5/5/2019,"5,176.90",-0.72%,-0.01,-0.72,,0.00,,0.00,,,1.270787,-0.35%,2204.39,-0.78%,
5/6/2019,"5,127.90",-0.95%,-0.01,-0.95,"1,334.00",0.17,0.00,0.17,"2,932.47",-0.45%,1.342315,5.63%,2210.87,0.29%,
5/7/2019,"5,205.00",1.50%,0.02,1.5,"1,335.80",0.13,0.00,0.13,"2,884.05",-1.65%,1.320157,-1.65%,2173.71,-1.68%,
5/8/2019,"5,335.30",2.50%,0.03,2.5,"1,338.00",-0.33,0.00,-0.33,"2,879.42",-0.16%,1.329099,0.68%,2201.38,1.27%,
5/9/2019,"5,493.70",2.97%,0.03,2.97,"1,335.10",0.28,0.00,0.28,"2,870.72",-0.30%,1.323967,-0.39%,2184.76,-0.75%,
5/10/2019,"5,670.00",3.21%,0.03,3.21,"1,337.20",0.16,0.00,0.16,"2,881.40",0.37%,1.346125,1.67%,2228.05,1.98%,
5/11/2019,"6,339.70",11.81%,0.12,11.81,,0.00,,0.00,,,1.510639,12.22%,2542.84,14.13%,
5/12/2019,"6,206.70",-2.10%,-0.02,-2.1,,0.00,,0.00,,,1.456449,-3.59%,2479.68,-2.48%,
5/13/2019,"6,949.30",11.96%,0.12,11.96,"1,350.20",0.97,0.01,0.97,"2,811.87",-2.41%,1.530465,5.08%,2627.31,5.95%,
5/14/2019,"7,124.10",2.51%,0.03,2.51,"1,343.40",-0.50,-0.01,-0.50,"2,834.41",0.80%,1.688293,10.31%,2824.67,7.51%,
5/15/2019,"7,310.10",2.61%,0.03,2.61,"1,344.50",0.08,0.00,0.08,"2,850.96",0.58%,1.921537,13.82%,3119.43,10.44%,
5/16/2019,"7,054.10",-3.50%,-0.04,-3.5,"1,333.10",-0.85,-0.01,-0.85,"2,876.32",0.89%,2.052619,6.82%,3039.73,-2.55%,
5/17/2019,"6,617.60",-6.19%,-0.06,-6.19,"1,322.50",-0.80,-0.01,-0.80,"2,859.53",-0.58%,1.89518,-7.67%,2846.72,-6.35%,
5/18/2019,"6,549.90",-1.02%,-0.01,-1.02,,0.00,,0.00,,,1.823963,-3.76%,2762.73,-2.95%,
5/19/2019,"7,351.20",12.23%,0.12,12.23,,0.00,,0.00,,,2.031472,11.38%,3097.19,12.11%,
5/20/2019,"7,173.70",-2.42%,-0.02,-2.42,"1,324.20",0.13,0.00,0.13,"2,840.23",-0.67%,1.958156,-3.61%,3002.35,-3.06%,
5/21/2019,"7,137.90",-0.50%,-0.01,-0.5,"1,320.10",-0.31,0.00,-0.31,"2,864.36",0.85%,1.98428,1.33%,3005.45,0.10%,
5/22/2019,"6,855.30",-3.96%,-0.04,-3.96,"1,321.30",0.09,0.00,0.09,"2,856.27",-0.28%,1.981014,-0.16%,2832.25,-5.76%,
5/23/2019,"7,055.20",2.92%,0.03,2.92,"1,328.40",0.79,0.01,0.79,"2,822.24",-1.19%,1.912362,-3.47%,2907.81,2.67%,
5/24/2019,"7,146.30",1.29%,0.01,1.29,"1,329.20",-0.13,0.00,-0.13,"2,826.06",0.14%,1.939652,1.43%,2985.97,2.69%,
5/25/2019,"7,223.70",1.08%,0.01,1.08,,0.00,,0.00,,,1.957378,0.91%,3000.81,0.50%,
5/26/2019,"7,801.00",7.99%,0.08,7.99,"1,283.65",-3.45,-0.03,-3.45,,,2.07641,6.08%,3216.35,7.18%,
5/27/2019,"7,852.90",0.66%,0.01,0.66,"1,283.25",0.06,0.00,0.06,,,1.982179,-4.54%,3299.67,2.59%,
5/28/2019,"7,827.60",-0.32%,0.00,-0.32,"1,322.60",2.98,0.03,2.98,"2,802.39",-0.84%,1.982551,0.02%,3299.38,-0.01%,
5/29/2019,"7,801.40",-0.33%,0.00,-0.33,"1,327.80",0.24,0.00,0.24,"2,783.02",-0.69%,1.982403,-0.01%,3322.44,0.70%,
5/30/2019,"7,460.60",-4.37%,-0.04,-4.37,"1,332.40",0.48,0.00,0.48,"2,788.86",0.21%,1.983383,0.05%,3138.19,-5.55%,
5/31/2019,"7,689.30",3.07%,0.03,3.07,"1,342.90",1.25,0.01,1.25,"2,752.06",-1.32%,1.986289,0.15%,3292.75,4.93%,
6/1/2019,"7,711.00",0.28%,0.00,0.28,,0.00,,0.00,,,1.989261,0.15%,3246.76,-1.40%,
6/2/2019,"7,864.90",2.00%,0.02,2,,0.00,,0.00,,,1.987351,-0.10%,3335.11,2.72%,
6/3/2019,"7,252.80",-7.78%,-0.08,-7.78,"1,356.50",1.16,0.01,1.16,"2,744.45",-0.28%,1.987289,0.00%,3095.95,-7.17%,
6/4/2019,"6,832.70",-5.79%,-0.06,-5.79,"1,366.50",0.09,0.00,0.09,"2,803.27",2.14%,1.980913,-0.32%,2943.42,-4.93%,
6/5/2019,"6,960.20",1.87%,0.02,1.87,"1,368.80",0.27,0.00,0.27,"2,826.15",0.82%,1.990542,0.49%,2996.74,1.81%,
6/6/2019,"6,944.10",-0.23%,0.00,-0.23,"1,370.00",0.61,0.01,0.61,"2,843.49",0.61%,1.983985,-0.33%,3058.28,2.05%,
6/7/2019,"7,098.40",2.22%,0.02,2.22,"1,382.40",0.25,0.00,0.25,"2,873.34",1.05%,2.024322,2.03%,3116.35,1.90%,
6/8/2019,"7,062.80",-0.50%,-0.01,-0.5,,0.00,,0.00,,,2.020853,-0.17%,3079.41,-1.19%,
6/9/2019,"6,812.10",-3.55%,-0.04,-3.55,,0.00,,0.00,,,1.979563,-2.04%,2951.52,-4.15%,
6/10/2019,"7,109.50",4.37%,0.04,4.37,"1,367.00",-1.09,-0.01,-1.09,"2,886.73",0.47%,1.966442,-0.66%,3131.08,6.08%,
6/11/2019,"7,015.20",-1.33%,-0.01,-1.33,"1,369.00",0.15,0.00,0.15,"2,885.72",-0.03%,1.973939,0.38%,3123.64,-0.24%,
6/12/2019,"7,260.20",3.49%,0.03,3.49,"1,373.80",0.35,0.00,0.35,"2,879.84",-0.20%,2.030725,2.88%,3228.84,3.37%,
6/13/2019,"7,324.80",0.89%,0.01,0.89,"1,378.30",0.50,0.01,0.50,"2,891.64",0.41%,2.042638,0.59%,3204.05,-0.77%,
6/14/2019,"7,773.00",6.12%,0.06,6.12,"1,379.80",0.06,0.00,0.06,"2,886.98",-0.16%,2.01338,-1.43%,3284.96,2.53%,
6/15/2019,"7,898.30",1.61%,0.02,1.61,,0.00,,0.00,,,2.040452,1.34%,3346.04,1.86%,
6/16/2019,"8,010.20",1.42%,0.01,1.42,,0.00,,0.00,,,2.080633,1.97%,3378.18,0.96%,
6/17/2019,"8,329.30",3.98%,0.04,3.98,"1,379.70",-0.14,0.00,-0.14,"2,889.67",0.09%,2.131326,2.44%,3436.18,1.72%,
6/18/2019,"8,117.20",-2.55%,-0.03,-2.55,"1,379.70",0.57,0.01,0.57,"2,917.75",0.97%,2.165458,1.60%,3342.13,-2.74%,
6/19/2019,"8,273.90",1.93%,0.02,1.93,"1,382.10",-0.22,0.00,-0.22,"2,926.46",0.30%,2.165458,0.00%,3387.84,1.37%,
6/20/2019,"8,455.70",2.20%,0.02,2.2,"1,417.40",3.25,0.03,3.25,"2,954.18",0.95%,2.165458,0.00%,3386.82,-0.03%,
6/21/2019,"8,988.60",6.30%,0.06,6.3,"1,419.60",0.23,0.00,0.23,"2,950.46",-0.13%,2.165458,0.00%,3562.58,5.19%,
6/22/2019,"9,362.40",4.16%,0.04,4.16,,0.00,,0.00,,,2.304107,6.40%,3744.87,5.12%,
6/23/2019,"9,503.80",1.51%,0.02,1.51,,0.00,,0.00,,,2.332807,1.25%,3713.01,-0.85%,
6/24/2019,"9,686.10",1.92%,0.02,1.92,"1,439.00",1.27,0.01,1.27,"2,945.35",-0.17%,2.356306,1.01%,3730.97,0.48%,
6/25/2019,"10,340.30",6.75%,0.07,6.75,"1,448.70",0.03,0.00,0.03,"2,917.38",-0.95%,2.4229,2.83%,3766.57,0.95%,
6/26/2019,"11,263.80",8.93%,0.09,8.93,"1,440.50",-0.24,0.00,-0.24,"2,913.78",-0.12%,2.72156,12.33%,3849.95,2.21%,
6/27/2019,"9,785.40",-13.12%,-0.13,-13.12,"1,444.50",-0.23,0.00,-0.23,"2,924.92",0.38%,2.266014,-16.74%,3358.85,-12.76%,
6/28/2019,"10,886.00",11.25%,0.11,11.25,"1,445.70",0.16,0.00,0.16,"2,941.76",0.58%,,0.00%,3564.33,6.12%,
6/29/2019,"10,455.00",-3.96%,-0.04,-3.96,,0.00,,0.00,,,,0.00%,3636.52,2.03%,
6/30/2019,"9,481.60",-9.31%,-0.09,-9.31,,0.00,,0.00,,,2.286885,0.92%,3320.33,-8.69%,
7/1/2019,"9,371.60",-1.16%,-0.01,-1.16,"1,424.40",-1.60,-0.02,-1.60,"2,964.33",0.77%,,0.00%,3363.48,1.30%,
7/2/2019,"9,601.80",2.46%,0.02,2.46,"1,428.60",1.35,0.01,1.35,"2,973.01",0.29%,2.22113,-2.88%,3320.08,-1.29%,
7/3/2019,"10,617.90",10.58%,0.11,10.58,"1,461.90",0.91,0.01,0.91,"2,995.82",0.77%,2.280957,2.69%,3460.4,4.23%,
7/4/2019,"9,924.60",-6.53%,-0.07,-6.53,"1,412.85",-2.23,-0.02,-2.23,,,2.281527,0.02%,3295.02,-4.78%,
7/5/2019,"9,809.80",-1.16%,-0.01,-1.16,"1,428.00",0.92,0.01,0.92,"2,990.41",-0.18%,2.212599,-3.02%,3282.02,-0.39%,
7/6/2019,"10,037.00",2.32%,0.02,2.32,,0.00,,0.00,,,,0.00%,3333.33,1.56%,
7/7/2019,"10,243.40",2.06%,0.02,2.06,,0.00,,0.00,,,,0.00%,3418.06,2.54%,
7/8/2019,"10,981.20",7.20%,0.07,7.2,"1,436.90",0.05,0.00,0.05,"2,975.95",-0.48%,2.304977,4.18%,3497.02,2.31%,
7/9/2019,"11,229.40",2.26%,0.02,2.26,"1,430.60",0.07,0.00,0.07,"2,979.63",0.12%,2.319889,0.65%,3452.42,-1.28%,
7/10/2019,"10,775.80",-4.04%,-0.04,-4.04,"1,450.50",0.85,0.01,0.85,"2,993.07",0.45%,2.294095,-1.11%,3232.48,-6.37%,
7/11/2019,"10,099.20",-6.28%,-0.06,-6.28,"1,461.40",-0.36,0.00,-0.36,"2,999.91",0.23%,2.057467,-10.31%,2993.33,-7.40%,
7/12/2019,"10,489.70",3.87%,0.04,3.87,"1,450.90",0.39,0.00,0.39,"3,013.77",0.46%,2.135597,3.80%,3120.3,4.24%,
7/13/2019,"10,114.90",-3.57%,-0.04,-3.57,,0.00,,0.00,,,2.022085,-5.32%,3020.48,-3.20%,
7/14/2019,"9,217.90",-8.87%,-0.09,-8.87,,0.00,,0.00,,,1.779541,-11.99%,2653.85,-12.14%,
7/15/2019,"9,653.20",4.72%,0.05,4.72,"1,452.30",0.10,0.00,0.10,"3,014.30",0.02%,1.957165,9.98%,2745.01,3.44%,
7/16/2019,"8,404.00",-12.94%,-0.13,-12.94,"1,453.40",-0.14,0.00,-0.14,"3,004.04",-0.34%,1.790719,-8.50%,2453.31,-10.63%,
7/17/2019,"8,647.10",2.89%,0.03,2.89,"1,455.00",0.85,0.01,0.85,"2,984.42",-0.65%,1.654402,-7.61%,2592.14,5.66%,
7/18/2019,"9,464.20",9.45%,0.09,9.45,"1,459.40",0.32,0.00,0.32,"2,995.11",0.36%,1.698791,2.68%,2796.4,7.88%,
7/19/2019,"9,400.90",-0.67%,-0.01,-0.67,"1,461.50",-0.12,0.00,-0.12,"2,976.61",-0.62%,1.797025,5.78%,2770.25,-0.94%,
7/20/2019,"9,608.10",2.20%,0.02,2.2,,0.00,,0.00,,,,0.00%,2858.4,3.18%,
7/21/2019,"9,458.20",-1.56%,-0.02,-1.56,,0.00,,0.00,,,1.840503,2.42%,2814.55,-1.53%,
7/22/2019,"9,232.70",-2.38%,-0.02,-2.38,"1,466.00",0.03,0.00,0.03,"2,985.03",0.28%,1.781789,-3.19%,2730.76,-2.98%,
7/23/2019,"8,854.10",-4.10%,-0.04,-4.1,"1,458.60",-0.35,0.00,-0.35,"3,005.47",0.68%,1.7481,-1.89%,2605.57,-4.58%,
7/24/2019,"8,785.00",-0.78%,-0.01,-0.78,"1,467.20",0.14,0.00,0.14,"3,019.56",0.47%,1.752204,0.23%,2650.93,1.74%,
7/25/2019,"8,884.10",1.13%,0.01,1.13,"1,456.10",-0.58,-0.01,-0.58,"3,003.67",-0.53%,,0.00%,2645.69,-0.20%,
7/26/2019,"8,860.20",-0.27%,0.00,-0.27,"1,460.40",0.41,0.00,0.41,"3,025.86",0.74%,,0.00%,2692.39,1.77%,
7/27/2019,"8,521.80",-3.82%,-0.04,-3.82,,0.00,,0.00,,,1.785156,1.88%,2570.1,-4.54%,
7/28/2019,"8,582.20",0.71%,0.01,0.71,,0.00,,0.00,,,,0.00%,2588.14,0.70%,
7/29/2019,"8,535.70",-0.54%,-0.01,-0.54,"1,461.70",0.09,0.00,0.09,"3,020.97",-0.16%,,0.00%,2575.86,-0.47%,
7/30/2019,"8,597.00",0.72%,0.01,0.72,"1,469.00",0.59,0.01,0.59,"3,013.18",-0.26%,1.737445,-2.67%,2603.86,1.09%,
7/31/2019,"9,105.10",5.91%,0.06,5.91,"1,452.90",-0.27,0.00,-0.27,"2,980.38",-1.09%,,0.00%,2700.45,3.71%,
8/1/2019,"9,384.90",3.07%,0.03,3.07,"1,443.30",-0.33,0.00,-0.33,"2,953.56",-0.90%,1.773093,2.05%,2702.94,0.09%,
8/2/2019,"9,473.60",0.95%,0.01,0.95,"1,476.20",1.63,0.02,1.63,"2,932.05",-0.73%,1.819,2.59%,2676.96,-0.96%,
8/3/2019,"9,732.40",2.73%,0.03,2.73,,0.00,,0.00,,,,0.00%,2711.69,1.30%,
8/4/2019,"9,875.00",1.47%,0.01,1.47,,0.00,,0.00,,,1.828996,0.55%,2724.97,0.49%,
8/5/2019,"10,487.90",6.21%,0.06,6.21,"1,487.40",1.16,0.01,1.16,"2,844.74",-2.98%,1.926187,5.31%,2821.34,3.54%,
8/6/2019,"10,227.00",-2.49%,-0.02,-2.49,"1,498.60",0.47,0.00,0.47,"2,881.77",1.30%,1.96227,1.87%,2718.31,-3.65%,
8/7/2019,"10,669.60",4.33%,0.04,4.33,"1,510.60",2.31,0.02,2.31,"2,883.98",0.08%,1.863254,-5.05%,2738.41,0.74%,
8/8/2019,"10,724.40",0.51%,0.01,0.51,"1,532.60",-0.62,-0.01,-0.62,"2,938.09",1.88%,,0.00%,2713.67,-0.90%,
8/9/2019,"10,583.50",-1.31%,-0.01,-1.31,"1,535.00",-0.03,0.00,-0.03,"2,918.65",-0.66%,,0.00%,2593.62,-4.42%,
8/10/2019,"10,087.40",-4.69%,-0.05,-4.69,,0.00,,0.00,,,,0.00%,2567.02,-1.03%,
8/11/2019,"10,332.70",2.43%,0.02,2.43,,0.00,,0.00,,,,0.00%,2677.57,4.31%,
8/12/2019,"10,162.90",-1.64%,-0.02,-1.64,"1,526.40",0.55,0.01,0.55,"2,883.75",-1.20%,1.830797,-1.74%,2612.06,-2.45%,
8/13/2019,"9,730.50",-4.25%,-0.04,-4.25,"1,523.10",-0.15,0.00,-0.15,"2,926.32",1.48%,,0.00%,2592.81,-0.74%,
8/14/2019,"8,999.50",-7.51%,-0.08,-7.51,"1,532.60",0.86,0.01,0.86,"2,840.60",-2.93%,,0.00%,2348.22,-9.43%,
8/15/2019,"9,286.20",3.19%,0.03,3.19,"1,546.00",0.17,0.00,0.17,"2,847.60",0.25%,1.678425,-8.32%,2378.4,1.29%,
8/16/2019,"9,346.50",0.65%,0.01,0.65,"1,541.30",-0.48,0.00,-0.48,"2,888.68",1.44%,,0.00%,2349.37,-1.22%,
8/17/2019,"9,216.80",-1.39%,-0.01,-1.39,,0.00,,0.00,,,,0.00%,2332.47,-0.72%,
8/18/2019,"9,321.70",1.14%,0.01,1.14,,0.00,,0.00,,,1.707534,1.73%,2421.51,3.82%,
8/19/2019,"9,860.70",5.78%,0.06,5.78,"1,531.00",-0.77,-0.01,-0.77,"2,923.65",1.21%,1.745055,2.20%,2482.59,2.52%,
8/20/2019,"9,703.70",-1.59%,-0.02,-1.59,"1,530.20",0.27,0.00,0.27,"2,900.51",-0.79%,1.730636,-0.83%,2429.7,-2.13%,
8/21/2019,"9,142.10",-5.79%,-0.06,-5.79,"1,532.70",0.01,0.00,0.01,"2,924.43",0.82%,,0.00%,2339.59,-3.71%,
8/22/2019,"9,134.20",-0.09%,0.00,-0.09,"1,530.50",-0.46,0.00,-0.46,"2,922.95",-0.05%,,0.00%,2394.67,2.35%,
8/23/2019,"9,338.80",2.24%,0.02,2.24,"1,537.30",1.90,0.02,1.90,"2,847.11",-2.59%,1.698332,-1.87%,2441.48,1.95%,
8/24/2019,"9,106.30",-2.49%,-0.02,-2.49,,0.00,,0.00,,,,0.00%,2391.61,-2.04%,
8/25/2019,"9,112.50",0.07%,0.00,0.07,,0.00,,0.00,,,,0.00%,2374.14,-0.73%,
8/26/2019,"9,342.90",2.53%,0.03,2.53,"1,563.20",-0.03,0.00,-0.03,"2,878.38",1.10%,,0.00%,2406.06,1.34%,
8/27/2019,"9,182.70",-1.72%,-0.02,-1.72,"1,564.60",0.95,0.01,0.95,"2,869.16",-0.32%,1.672843,-1.50%,2377.8,-1.17%,
8/28/2019,"8,789.20",-4.29%,-0.04,-4.29,"1,571.60",-0.17,0.00,-0.17,"2,887.94",0.65%,,0.00%,2227.91,-6.30%,
8/29/2019,"8,584.70",-2.33%,-0.02,-2.33,"1,562.00",-0.72,-0.01,-0.72,"2,924.58",1.27%,1.581655,-5.45%,2158.07,-3.13%,
8/30/2019,"8,732.80",1.73%,0.02,1.73,"1,555.00",-0.43,0.00,-0.43,"2,926.46",0.06%,,0.00%,2172.06,0.65%,
8/31/2019,"8,760.20",0.31%,0.00,0.31,,0.00,,0.00,,,1.60451,1.45%,2183.38,0.52%,
9/1/2019,"8,894.90",1.54%,0.02,1.54,"1,535.25",-1.23,-0.01,-1.23,,,,0.00%,2197.97,0.67%,
9/2/2019,"9,475.80",6.53%,0.07,6.53,"1,528.15",-0.19,0.00,-0.19,,,,0.00%,2281.3,3.79%,
9/3/2019,"9,684.60",2.20%,0.02,2.2,"1,561.20",3.13,0.03,3.13,"2,906.27",-0.69%,1.681396,4.79%,2312.64,1.37%,
9/4/2019,"9,591.70",-0.96%,-0.01,-0.96,"1,572.00",0.27,0.00,0.27,"2,937.78",1.08%,,0.00%,2275.86,-1.59%,
9/5/2019,"9,593.60",0.02%,0.00,0.02,"1,544.90",-2.17,-0.02,-2.17,"2,976.00",1.30%,,0.00%,2261.23,-0.64%,
9/6/2019,"9,346.10",-2.58%,-0.03,-2.58,"1,539.20",-0.62,-0.01,-0.62,"2,978.71",0.09%,,0.00%,2210.78,-2.23%,
9/7/2019,"9,502.70",1.68%,0.02,1.68,,0.00,,0.00,,,,0.00%,2289.37,3.55%,
9/8/2019,"9,459.10",-0.46%,0.00,-0.46,,0.00,,0.00,,,1.686943,0.33%,2312.24,1.00%,
9/9/2019,"9,350.50",-1.15%,-0.01,-1.15,"1,534.10",-0.24,0.00,-0.24,"2,978.43",-0.01%,,0.00%,2290.55,-0.94%,
9/10/2019,"9,152.70",-2.12%,-0.02,-2.12,"1,524.90",-0.75,-0.01,-0.75,"2,979.39",0.03%,1.676168,-0.64%,2272.97,-0.77%,
9/11/2019,"9,237.40",0.93%,0.01,0.93,"1,528.80",0.28,0.00,0.28,"3,000.93",0.72%,,0.00%,2251.31,-0.95%,
9/12/2019,"9,437.20",2.16%,0.02,2.16,"1,530.40",0.35,0.00,0.35,"3,009.57",0.29%,,0.00%,2263.1,0.52%,
9/13/2019,"9,350.60",-0.92%,-0.01,-0.92,"1,525.60",-0.46,0.00,-0.46,"3,007.39",-0.07%,1.661739,-0.86%,2255.96,-0.32%,
9/14/2019,"9,354.60",0.04%,0.00,0.04,,0.00,,0.00,,,,0.00%,2298.96,1.91%,
9/15/2019,"9,317.00",-0.40%,0.00,-0.4,,0.00,,0.00,,,,0.00%,2290.79,-0.36%,
9/16/2019,"9,338.10",0.23%,0.00,0.23,"1,536.40",0.76,0.01,0.76,"2,997.96",-0.31%,1.673978,0.74%,2322.93,1.40%,
9/17/2019,"9,218.20",-1.28%,-0.01,-1.28,"1,538.80",0.12,0.00,0.12,"3,005.70",0.26%,,0.00%,2407.4,3.64%,
9/18/2019,"9,225.10",0.07%,0.00,0.07,"1,530.40",0.13,0.00,0.13,"3,006.73",0.03%,,0.00%,2545.77,5.75%,
9/19/2019,"9,307.30",0.89%,0.01,0.89,"1,528.80",-0.63,-0.01,-0.63,"3,006.79",0.00%,1.682648,0.52%,2538.58,-0.28%,
9/20/2019,"9,241.30",-0.71%,-0.01,-0.71,"1,537.80",0.58,0.01,0.58,"2,992.07",-0.49%,,0.00%,2464.95,-2.90%,
9/21/2019,"9,077.30",-1.77%,-0.02,-1.77,,0.00,,0.00,,,,0.00%,2419.65,-1.84%,
9/22/2019,"9,123.80",0.51%,0.01,0.51,,0.00,,0.00,,,1.706525,1.42%,2380.23,-1.63%,
9/23/2019,"8,824.00",-3.29%,-0.03,-3.29,"1,556.60",1.05,0.01,1.05,"2,991.78",-0.01%,,0.00%,2262.13,-4.96%,
9/24/2019,"7,782.60",-11.80%,-0.12,-11.8,"1,554.90",0.54,0.01,0.54,"2,966.60",-0.84%,1.671409,-2.06%,1894.26,-16.26%,
9/25/2019,"7,720.60",-0.80%,-0.01,-0.8,"1,539.10",-1.79,-0.02,-1.79,"2,984.87",0.62%,,0.00%,1945.3,2.69%,
9/26/2019,"7,385.10",-4.34%,-0.04,-4.34,"1,538.00",0.19,0.00,0.19,"2,977.62",-0.24%,1.539012,-7.92%,1885.11,-3.09%,
9/27/2019,"7,500.90",1.57%,0.02,1.57,"1,525.70",-0.58,-0.01,-0.58,"2,961.79",-0.53%,,0.00%,1923.04,2.01%,
9/28/2019,"7,528.40",0.37%,0.00,0.37,,0.00,,0.00,,,,0.00%,1932.31,0.48%,
9/29/2019,"7,380.60",-1.96%,-0.02,-1.96,,0.00,,0.00,,,,0.00%,1888.68,-2.26%,
9/30/2019,"7,629.70",3.38%,0.03,3.38,"1,500.10",-2.20,-0.02,-2.20,"2,976.74",0.50%,,0.00%,1982.19,4.95%,
10/1/2019,"7,631.20",0.02%,0.00,0.02,"1,499.00",1.05,0.01,1.05,"2,940.25",-1.23%,1.543411,0.29%,1941.03,-2.08%,
10/2/2019,"7,656.90",0.34%,0.00,0.34,"1,509.90",1.24,0.01,1.24,"2,887.61",-1.79%,,0.00%,1963.62,1.16%,
10/3/2019,"7,520.40",-1.78%,-0.02,-1.78,"1,535.20",0.29,0.00,0.29,"2,910.63",0.80%,1.512761,-1.99%,1934.34,-1.49%,
10/4/2019,"7,443.40",-1.02%,-0.01,-1.02,"1,530.20",-0.04,0.00,-0.04,"2,952.01",1.42%,,0.00%,1940.46,0.32%,
10/5/2019,"7,430.60",-0.17%,0.00,-0.17,,0.00,,0.00,,,,0.00%,1948.14,0.40%,
10/6/2019,"7,174.80",-3.44%,-0.03,-3.44,,0.00,,0.00,,,,0.00%,1913.89,-1.76%,
10/7/2019,"7,489.40",4.38%,0.04,4.38,"1,522.20",-0.53,-0.01,-0.53,"2,938.79",-0.45%,,0.00%,2016.5,5.36%,
10/8/2019,"7,481.70",-0.10%,0.00,-0.1,"1,522.60",-0.04,0.00,-0.04,"2,893.06",-1.56%,,0.00%,2003.94,-0.62%,
10/9/2019,"7,826.00",4.60%,0.05,4.6,"1,535.00",0.60,0.01,0.60,"2,919.40",0.91%,1.611293,6.51%,2084.53,4.02%,
10/10/2019,"7,810.10",-0.20%,0.00,-0.2,"1,526.00",-0.74,-0.01,-0.74,"2,938.13",0.64%,,0.00%,2033.67,-2.44%,
10/11/2019,"7,502.40",-3.94%,-0.04,-3.94,"1,508.00",-0.78,-0.01,-0.78,"2,970.27",1.09%,,0.00%,1965.05,-3.37%,
10/12/2019,"7,542.40",0.53%,0.01,0.53,,0.00,,0.00,,,1.557686,-3.33%,1986.35,1.08%,
10/13/2019,"7,529.20",-0.18%,0.00,-0.18,,0.00,,0.00,,,,0.00%,1996.16,0.49%,
10/14/2019,"7,582.20",0.70%,0.01,0.7,"1,524.40",0.61,0.01,0.61,"2,966.15",-0.14%,1.575963,1.17%,2065.67,3.48%,
10/15/2019,"7,406.60",-2.32%,-0.02,-2.32,"1,513.00",-0.92,-0.01,-0.92,"2,995.68",1.00%,,0.00%,2009.11,-2.74%,
10/16/2019,"7,229.60",-2.39%,-0.02,-2.39,"1,510.00",0.68,0.01,0.68,"2,989.69",-0.20%,,0.00%,1957.03,-2.59%,
10/17/2019,"7,269.70",0.55%,0.01,0.55,"1,519.90",0.29,0.00,0.29,"2,997.95",0.28%,,0.00%,2008.65,2.64%,
10/18/2019,"7,133.00",-1.88%,-0.02,-1.88,"1,519.50",-0.31,0.00,-0.31,"2,986.20",-0.39%,,0.00%,1958.82,-2.48%,
10/19/2019,"7,136.60",0.05%,0.00,0.05,,0.00,,0.00,,,,0.00%,1959.05,0.01%,
10/20/2019,"7,386.50",3.50%,0.04,3.5,,0.00,,0.00,,,,0.00%,1998.12,1.99%,
10/21/2019,"7,377.50",-0.12%,0.00,-0.12,"1,515.00",-0.37,0.00,-0.37,"3,006.72",0.69%,1.535427,-2.57%,2013.59,0.77%,
10/22/2019,"7,223.00",-2.09%,-0.02,-2.09,"1,515.00",-0.05,0.00,-0.05,"2,995.99",-0.36%,,0.00%,1978.44,-1.75%,
10/23/2019,"6,725.30",-6.89%,-0.07,-6.89,"1,522.00",0.55,0.01,0.55,"3,004.52",0.28%,,0.00%,1852.07,-6.39%,
10/24/2019,"6,706.10",-0.29%,0.00,-0.29,"1,522.00",0.59,0.01,0.59,"3,010.29",0.19%,,0.00%,1863.13,0.60%,
10/25/2019,"7,814.40",16.53%,0.17,16.53,"1,535.00",0.08,0.00,0.08,"3,022.55",0.41%,,0.00%,2097,12.55%,
10/26/2019,"8,334.90",6.66%,0.07,6.66,,0.00,,0.00,,,,0.00%,2090.4,-0.31%,
10/27/2019,"8,602.80",3.21%,0.03,3.21,,0.00,,0.00,,,1.74135,13.41%,2150.25,2.86%,
10/28/2019,"8,311.50",-3.39%,-0.03,-3.39,"1,523.50",-0.61,-0.01,-0.61,"3,039.42",0.56%,,0.00%,2140.68,-0.45%,
10/29/2019,"8,493.40",2.19%,0.02,2.19,"1,515.50",-0.34,0.00,-0.34,"3,036.89",-0.08%,,0.00%,2219.44,3.68%,
10/30/2019,"8,228.10",-3.12%,-0.03,-3.12,"1,513.20",0.39,0.00,0.39,"3,046.77",0.33%,,0.00%,2158.24,-2.76%,
10/31/2019,"8,213.70",-0.18%,0.00,-0.18,"1,527.00",1.15,0.01,1.15,"3,037.56",-0.30%,,0.00%,2160.1,0.09%,
11/1/2019,"8,294.30",0.98%,0.01,0.98,"1,538.00",-0.17,0.00,-0.17,"3,066.91",0.97%,,0.00%,2170.57,0.48%,
11/2/2019,"8,342.60",0.58%,0.01,0.58,,0.00,,0.00,,,,0.00%,2202.08,1.45%,
11/3/2019,"8,257.00",-1.03%,-0.01,-1.03,,0.00,,0.00,,,1.659329,-4.71%,2185.86,-0.74%,
11/4/2019,"8,466.10",2.53%,0.03,2.53,"1,541.00",0.02,0.00,0.02,"3,078.27",0.37%,,0.00%,2278.59,4.24%,
11/5/2019,"8,415.40",-0.60%,-0.01,-0.6,"1,513.00",-1.76,-0.02,-1.76,"3,074.62",-0.12%,,0.00%,2338.37,2.62%,
11/6/2019,"8,448.70",0.40%,0.00,0.4,"1,516.10",0.62,0.01,0.62,"3,076.78",0.07%,,0.00%,2336.5,-0.08%,
11/7/2019,"8,334.00",-1.36%,-0.01,-1.36,"1,495.10",-1.72,-0.02,-1.72,"3,085.18",0.27%,1.688378,1.75%,2258.16,-3.35%,
11/8/2019,"7,969.80",-4.37%,-0.04,-4.37,"1,488.80",-0.09,0.00,-0.09,"3,093.08",0.26%,,0.00%,2173,-3.77%,
11/9/2019,"8,005.10",0.44%,0.00,0.44,,0.00,,0.00,,,,0.00%,2212.83,1.83%,
11/10/2019,"8,207.10",2.52%,0.03,2.52,,0.00,,0.00,,,,0.00%,2261.84,2.21%,
11/11/2019,"7,913.40",-3.58%,-0.04,-3.58,"1,480.10",-0.55,-0.01,-0.55,"3,087.01",-0.20%,1.624105,-3.81%,2219.23,-1.88%,
11/12/2019,"8,003.60",1.14%,0.01,1.14,"1,480.00",-0.26,0.00,-0.26,"3,091.84",0.16%,,0.00%,2193.58,-1.16%,
11/13/2019,"7,971.10",-0.41%,0.00,-0.41,"1,489.90",0.65,0.01,0.65,"3,094.04",0.07%,,0.00%,2183.58,-0.46%,
11/14/2019,"7,842.80",-1.61%,-0.02,-1.61,"1,494.80",0.68,0.01,0.68,"3,096.63",0.08%,,0.00%,2162.03,-0.99%,
11/15/2019,"7,670.00",-2.20%,-0.02,-2.2,"1,495.90",-0.33,0.00,-0.33,"3,120.46",0.77%,,0.00%,2097.39,-2.99%,
11/16/2019,"7,687.90",0.23%,0.00,0.23,,0.00,,0.00,,,,0.00%,2099.23,0.09%,
11/17/2019,"7,703.90",0.21%,0.00,0.21,,0.00,,0.00,,,,0.00%,2104.64,0.26%,
11/18/2019,"7,395.90",-4.00%,-0.04,-4,"1,488.80",0.22,0.00,0.22,"3,122.03",0.05%,1.577529,-2.87%,2006.55,-4.66%,
11/19/2019,"7,342.20",-0.73%,-0.01,-0.73,"1,497.00",0.16,0.00,0.16,"3,120.18",-0.06%,,0.00%,1963.26,-2.16%,
11/20/2019,"7,302.00",-0.55%,-0.01,-0.55,"1,498.00",-0.02,0.00,-0.02,"3,108.46",-0.38%,,0.00%,1959.34,-0.20%,
11/21/2019,"6,897.60",-5.54%,-0.06,-5.54,"1,494.00",-0.70,-0.01,-0.70,"3,103.54",-0.16%,1.451429,-7.99%,1843.47,-5.91%,
11/22/2019,"6,629.50",-3.89%,-0.04,-3.89,"1,492.00",0.03,0.00,0.03,"3,110.29",0.22%,,0.00%,1737.68,-5.74%,
11/23/2019,"6,664.50",0.53%,0.01,0.53,,0.00,,0.00,,,,0.00%,1776.88,2.26%,
11/24/2019,"6,287.10",-5.66%,-0.06,-5.66,,0.00,,0.00,,,,0.00%,1648.6,-7.22%,
11/25/2019,"6,485.80",3.16%,0.03,3.16,"1,485.20",-0.42,0.00,-0.42,"3,133.64",0.75%,,0.00%,1697.49,2.97%,
11/26/2019,"6,516.10",0.47%,0.00,0.47,"1,481.00",0.19,0.00,0.19,"3,140.52",0.22%,1.303963,-10.16%,1716.93,1.15%,
11/27/2019,"6,849.00",5.11%,0.05,5.11,"1,483.90",-0.44,0.00,-0.44,"3,153.63",0.42%,1.302847,-0.09%,1765.24,2.81%,
11/28/2019,"6,763.00",-1.26%,-0.01,-1.26,"1,460.75",-1.49,-0.01,-1.49,,,1.378487,5.81%,1747.03,-1.03%,
11/29/2019,"7,047.40",4.20%,0.04,4.2,"1,484.20",2.35,0.02,2.35,"3,140.98",-0.40%,1.382643,0.30%,1804.47,3.29%,
11/30/2019,"6,875.50",-2.44%,-0.02,-2.44,,0.00,,0.00,,,1.419293,2.65%,1765.27,-2.17%,
12/1/2019,"6,735.20",-2.04%,-0.02,-2.04,,0.00,,0.00,,,1.346746,-5.11%,1743.76,-1.22%,
12/2/2019,"6,607.50",-1.90%,-0.02,-1.9,"1,485.00",-0.23,0.00,-0.23,"3,113.87",-0.86%,1.354697,0.59%,1721.37,-1.28%,
12/3/2019,"6,595.20",-0.19%,0.00,-0.19,"1,491.10",1.04,0.01,1.04,"3,093.20",-0.66%,1.330063,-1.82%,1705.41,-0.93%,
12/4/2019,"6,499.80",-1.45%,-0.01,-1.45,"1,502.50",-0.27,0.00,-0.27,"3,112.76",0.63%,1.301139,-2.17%,1683.67,-1.27%,
12/5/2019,"6,667.10",2.57%,0.03,2.57,"1,503.00",0.20,0.00,0.20,"3,117.43",0.15%,1.310359,0.71%,1704.55,1.24%,
12/6/2019,"6,832.80",2.48%,0.02,2.48,"1,488.00",-1.17,-0.01,-1.17,"3,145.91",0.91%,1.338705,2.16%,1715.69,0.65%,
12/7/2019,"6,790.70",-0.62%,-0.01,-0.62,,0.00,,0.00,,,1.378851,3.00%,1710.8,-0.29%,
12/8/2019,"6,810.70",0.29%,0.00,0.29,,0.00,,0.00,,,1.352774,-1.89%,1726.46,0.92%,
12/9/2019,"6,640.80",-2.50%,-0.03,-2.5,"1,489.40",-0.01,0.00,-0.01,"3,135.96",-0.32%,1.375517,1.68%,1691.46,-2.03%,
12/10/2019,"6,522.00",-1.79%,-0.02,-1.79,"1,489.70",0.23,0.00,0.23,"3,132.52",-0.11%,1.344374,-2.26%,1668.91,-1.33%,
12/11/2019,"6,479.60",-0.65%,-0.01,-0.65,"1,497.50",0.46,0.00,0.46,"3,141.63",0.29%,1.315473,-2.15%,1661.74,-0.43%,
12/12/2019,"6,435.10",-0.69%,-0.01,-0.69,"1,494.10",-0.17,0.00,-0.17,"3,168.57",0.86%,1.296977,-1.41%,1658.01,-0.22%,
12/13/2019,"6,527.10",1.43%,0.01,1.43,"1,493.00",0.63,0.01,0.63,"3,168.80",0.01%,1.303934,0.54%,1680.06,1.33%,
12/14/2019,"6,365.20",-2.48%,-0.02,-2.48,,0.00,,0.00,,,1.317676,1.05%,1638.27,-2.49%,
12/15/2019,"6,398.50",0.52%,0.01,0.52,,0.00,,0.00,,,1.283993,-2.56%,1647.01,0.53%,
12/16/2019,"6,185.50",-3.33%,-0.03,-3.33,"1,503.90",-0.01,0.00,-0.01,"3,191.45",0.71%,1.279546,-0.35%,1546.36,-6.11%,
12/17/2019,"5,940.70",-3.96%,-0.04,-3.96,"1,505.00",0.01,0.00,0.01,"3,192.52",0.03%,1.222337,-4.47%,1424.23,-7.90%,
12/18/2019,"6,559.10",10.41%,0.10,10.41,"1,501.70",-0.17,0.00,-0.17,"3,191.14",-0.04%,1.180729,-3.40%,1542.72,8.32%,
12/19/2019,"6,435.80",-1.88%,-0.02,-1.88,"1,503.50",0.38,0.00,0.38,"3,205.37",0.45%,1.25295,6.12%,1504.24,-2.49%,
12/20/2019,"6,501.20",1.02%,0.01,1.02,"1,505.20",-0.24,0.00,-0.24,"3,221.22",0.49%,1.244746,-0.65%,1532.99,1.91%,
12/21/2019,"6,461.10",-0.62%,-0.01,-0.62,,0.00,,0.00,,,1.262889,1.46%,1517.05,-1.04%,
12/22/2019,"6,788.80",5.07%,0.05,5.07,,0.00,,0.00,,,1.259658,-0.26%,1581.86,4.27%,
12/23/2019,"6,607.20",-2.67%,-0.03,-2.67,"1,510.70",0.53,0.01,0.53,"3,224.01",0.09%,1.320398,4.82%,1524.01,-3.66%,
12/24/2019,"6,553.20",-0.82%,-0.01,-0.82,"1,518.60",1.06,0.01,1.06,"3,223.38",-0.02%,1.27629,-3.34%,1519.33,-0.31%,
12/25/2019,"6,490.70",-0.95%,-0.01,-0.95,"1,502.15",-1.73,-0.02,-1.73,,,1.267707,-0.67%,1502.25,-1.12%,
12/26/2019,"6,497.10",0.10%,0.00,0.1,"1,528.40",2.41,0.02,2.41,"3,239.91",0.51%,1.254377,-1.05%,1522.12,1.32%,
12/27/2019,"6,494.10",-0.05%,0.00,-0.05,"1,540.00",0.27,0.00,0.27,"3,240.02",0.00%,1.257727,0.27%,1556.28,2.24%,
12/28/2019,"6,544.00",0.77%,0.01,0.77,,0.00,,0.00,,,1.264394,0.53%,1577.33,1.35%,
12/29/2019,"6,613.20",1.06%,0.01,1.06,,0.00,,0.00,,,1.265306,0.07%,1614.61,2.36%,
12/30/2019,"6,463.60",-2.26%,-0.02,-2.26,"1,540.10",0.06,0.00,0.06,"3,221.29",-0.58%,1.281118,1.25%,1585.7,-1.79%,
12/31/2019,"6,404.80",-0.91%,-0.01,-0.91,"1,546.40",0.34,0.00,0.34,"3,230.78",0.29%,1.257922,-1.81%,1561.18,-1.55%,
1/1/2020,"6,409.30",0.07%,0.00,0.07,"1,520.85",-1.91,-0.02,-1.91,,,1.253969,-0.31%,1568.4,0.46%,
1/2/2020,"6,225.90",-2.86%,-0.03,-2.86,"1,548.20",2.25,0.02,2.25,"3,257.85",0.84%,1.237908,-1.28%,1506.87,-3.92%,
1/3/2020,"6,572.20",5.56%,0.06,5.56,"1,561.60",1.57,0.02,1.57,"3,234.85",-0.71%,1.238681,0.06%,1609.28,6.80%,
1/4/2020,"6,594.20",0.34%,0.00,0.34,,0.00,,0.00,,,1.274486,2.89%,1622.3,0.81%,
1/5/2020,"6,593.30",-0.01%,0.00,-0.01,,0.00,,0.00,,,1.297118,1.78%,1630.95,0.53%,
1/6/2020,"6,937.50",5.22%,0.05,5.22,"1,590.00",1.04,0.01,1.04,"3,246.28",0.35%,1.311166,1.08%,1764.52,8.19%,
1/7/2020,"7,324.10",5.57%,0.06,5.57,"1,586.50",0.33,0.00,0.33,"3,237.18",-0.28%,1.377446,5.06%,1746.43,-1.03%,
1/8/2020,"7,243.70",-1.10%,-0.01,-1.1,"1,581.50",-0.89,-0.01,-0.89,"3,253.05",0.49%,1.437467,4.36%,1723.14,-1.33%,
1/9/2020,"7,043.70",-2.76%,-0.03,-2.76,"1,570.20",-0.35,0.00,-0.35,"3,274.70",0.67%,1.385525,-3.61%,1707.26,-0.92%,
1/10/2020,"7,367.70",4.60%,0.05,4.6,"1,574.10",0.35,0.00,0.35,"3,265.35",-0.29%,1.353349,-2.32%,1817.88,6.48%,
1/11/2020,"7,218.00",-2.03%,-0.02,-2.03,,0.00,,0.00,,,1.406843,3.95%,1805.12,-0.70%,
1/12/2020,"7,357.40",1.93%,0.02,1.93,,0.00,,0.00,,,1.40726,0.03%,1848.51,2.40%,
1/13/2020,"7,291.10",-0.90%,-0.01,-0.9,"1,574.90",-0.60,-0.01,-0.60,"3,288.13",0.70%,1.407047,-0.02%,1813.68,-1.88%,
1/14/2020,"7,937.20",8.86%,0.09,8.86,"1,563.40",-0.40,0.00,-0.40,"3,283.15",-0.15%,1.470466,4.51%,2125.87,17.21%,
1/15/2020,"7,911.60",-0.32%,0.00,-0.32,"1,573.40",0.58,0.01,0.58,"3,289.29",0.19%,1.520586,3.41%,2166.73,1.92%,
1/16/2020,"7,833.40",-0.99%,-0.01,-0.99,"1,575.00",-0.22,0.00,-0.22,"3,316.81",0.84%,1.517021,-0.23%,2144.8,-1.01%,
1/17/2020,"8,026.60",2.47%,0.02,2.47,"1,577.10",0.65,0.01,0.65,"3,329.62",0.39%,1.545619,1.89%,2315.95,7.98%,
1/18/2020,"8,041.10",0.18%,0.00,0.18,,0.00,,0.00,,,1.568424,1.48%,2245.31,-3.05%,
1/19/2020,"7,853.30",-2.34%,-0.02,-2.34,"1,556.45",-1.90,-0.02,-1.90,,,1.628815,3.85%,2210.86,-1.53%,
1/20/2020,"7,790.20",-0.80%,-0.01,-0.8,"1,556.65",0.27,0.00,0.27,,,1.534757,-5.77%,2231.99,0.96%,
1/21/2020,"7,876.70",1.11%,0.01,1.11,"1,573.60",1.50,0.02,1.50,"3,320.79",-0.27%,1.561969,1.77%,2250.32,0.82%,
1/22/2020,"7,816.60",-0.76%,-0.01,-0.76,"1,577.60",-0.08,0.00,-0.08,"3,321.75",0.03%,1.559062,-0.19%,2264.06,0.61%,
1/23/2020,"7,603.70",-2.72%,-0.03,-2.72,"1,580.10",0.54,0.01,0.54,"3,325.54",0.11%,1.533616,-1.63%,2133.78,-5.75%,
1/24/2020,"7,648.20",0.58%,0.01,0.58,"1,584.00",0.43,0.00,0.43,"3,295.47",-0.90%,1.482485,-3.33%,2122.17,-0.54%,
1/25/2020,"7,572.30",-0.99%,-0.01,-0.99,,0.00,,0.00,,,1.513019,2.06%,2081.87,-1.90%,
1/26/2020,"7,801.10",3.02%,0.03,3.02,,0.00,,0.00,,,1.495269,-1.17%,2221.48,6.71%,
1/27/2020,"8,072.50",3.48%,0.03,3.48,"1,602.80",0.35,0.00,0.35,"3,243.63",-1.57%,1.548831,3.58%,2317.15,4.31%,
1/28/2020,"8,509.20",5.41%,0.05,5.41,"1,593.40",-0.48,0.00,-0.48,"3,276.24",1.01%,1.618512,4.50%,2426.62,4.72%,
1/29/2020,"8,435.70",-0.86%,-0.01,-0.86,"1,589.30",0.06,0.00,0.06,"3,273.40",-0.09%,1.684066,4.05%,2442.19,0.64%,
1/30/2020,"8,617.60",2.16%,0.02,2.16,"1,599.00",0.80,0.01,0.80,"3,283.66",0.31%,1.684578,0.03%,2551.97,4.50%,
1/31/2020,"8,417.20",-2.33%,-0.02,-2.33,"1,597.70",-0.08,0.00,-0.08,"3,225.52",-1.77%,1.742487,3.44%,2465.04,-3.41%,
2/1/2020,"8,460.90",0.52%,0.01,0.52,,0.00,,0.00,,,1.702391,-2.30%,2513.28,1.96%,
2/2/2020,"8,418.10",-0.51%,-0.01,-0.51,,0.00,,0.00,,,1.691162,-0.66%,2523.02,0.39%,
2/3/2020,"8,408.00",-0.12%,0.00,-0.12,"1,595.00",-0.34,0.00,-0.34,"3,248.92",0.73%,1.706495,0.91%,2555.71,1.30%,
2/4/2020,"8,308.40",-1.18%,-0.01,-1.18,"1,576.00",-1.65,-0.02,-1.65,"3,297.59",1.50%,1.703028,-0.20%,2547.75,-0.31%,
2/5/2020,"8,738.60",5.18%,0.05,5.18,"1,573.00",0.46,0.00,0.46,"3,334.69",1.13%,1.714395,0.67%,2754.3,8.11%,
2/6/2020,"8,892.30",1.76%,0.02,1.76,"1,579.30",0.44,0.00,0.44,"3,345.78",0.33%,1.808039,5.46%,2789.7,1.29%,
2/7/2020,"8,967.70",0.85%,0.01,0.85,"1,588.40",0.21,0.00,0.21,"3,327.71",-0.54%,1.870065,3.43%,2790.31,0.02%,
2/8/2020,"9,062.00",1.05%,0.01,1.05,,0.00,,0.00,,,1.874154,0.22%,2804.98,0.53%,
2/9/2020,"9,284.90",2.46%,0.02,2.46,,0.00,,0.00,,,1.946614,3.87%,2850.19,1.61%,
2/10/2020,"9,039.30",-2.64%,-0.03,-2.64,"1,594.20",0.36,0.00,0.36,"3,352.09",0.73%,1.927923,-0.96%,2795.71,-1.91%,
2/11/2020,"9,410.60",4.11%,0.04,4.11,"1,587.10",-0.60,-0.01,-0.60,"3,357.75",0.17%,1.886668,-2.14%,2893.64,3.50%,
2/12/2020,"9,533.00",1.30%,0.01,1.3,"1,587.50",0.08,0.00,0.08,"3,379.45",0.65%,2.070285,9.73%,3055.48,5.59%,
2/13/2020,"9,451.10",-0.86%,-0.01,-0.86,"1,594.00",0.45,0.00,0.45,"3,373.94",-0.16%,2.168963,4.77%,3094.01,1.26%,
2/14/2020,"9,572.50",1.28%,0.01,1.28,"1,597.30",0.46,0.00,0.46,"3,380.16",0.18%,2.146452,-1.04%,3189.97,3.10%,
2/15/2020,"9,163.00",-4.28%,-0.04,-4.28,,0.00,,0.00,,,2.217303,3.30%,2903.25,-8.99%,
2/16/2020,"9,164.20",0.01%,0.00,0.01,"1,583.45",-1.29,-0.01,-1.29,,,2.132012,-3.85%,2780.87,-4.22%,
2/17/2020,"8,969.00",-2.13%,-0.02,-2.13,"1,581.85",0.05,0.00,0.05,,,2.01852,-5.32%,2765.76,-0.54%,
2/18/2020,"9,442.50",5.28%,0.05,5.28,"1,603.50",2.33,0.02,2.33,"3,370.29",-0.29%,2.108849,4.48%,2874.97,3.95%,
2/19/2020,"8,902.80",-5.72%,-0.06,-5.72,"1,623.30",0.50,0.01,0.50,"3,386.15",0.47%,2.174008,3.09%,2633.34,-8.40%,
2/20/2020,"8,912.90",0.11%,0.00,0.11,"1,627.70",0.53,0.01,0.53,"3,373.23",-0.38%,2.03736,-6.29%,2615.28,-0.69%,
2/21/2020,"8,951.50",0.43%,0.00,0.43,"1,642.40",1.72,0.02,1.72,"3,337.75",-1.05%,2.061202,1.17%,2686.97,2.74%,
2/22/2020,"8,929.50",-0.25%,0.00,-0.25,,0.00,,0.00,,,2.028169,-1.60%,2683.67,-0.12%,
2/23/2020,"9,203.50",3.07%,0.03,3.07,,0.00,,0.00,,,2.066241,1.88%,2814.08,4.86%,
2/24/2020,"8,916.10",-3.12%,-0.03,-3.12,"1,673.30",1.68,0.02,1.68,"3,225.89",-3.35%,2.037982,-1.37%,2684.09,-4.62%,
2/25/2020,"8,564.70",-3.94%,-0.04,-3.94,"1,650.00",-1.59,-0.02,-1.59,"3,128.21",-3.03%,1.971731,-3.25%,2529,-5.78%,
2/26/2020,"8,079.00",-5.67%,-0.06,-5.67,"1,646.70",-0.44,0.00,-0.44,"3,116.39",-0.38%,1.818197,-7.79%,2257.27,-10.74%,
2/27/2020,"8,024.60",-0.67%,-0.01,-0.67,"1,656.00",-0.09,0.00,-0.09,"2,978.76",-4.42%,1.743447,-4.11%,2299.35,1.86%,
2/28/2020,"7,895.20",-1.61%,-0.02,-1.61,"1,582.00",-4.68,-0.05,-4.68,"2,954.22",-0.82%,1.823787,4.61%,2255.36,-1.91%,
2/29/2020,"7,756.20",-1.76%,-0.02,-1.76,,0.00,,0.00,,,1.82922,0.30%,2191.17,-2.85%,
3/1/2020,"7,734.50",-0.28%,0.00,-0.28,,0.00,,0.00,,,1.772698,-3.09%,2203.28,0.55%,
3/2/2020,"8,015.50",3.63%,0.04,3.63,"1,593.90",1.65,0.02,1.65,"3,090.23",4.60%,1.746702,-1.47%,2352.48,6.77%,
3/3/2020,"7,853.10",-2.03%,-0.02,-2.03,"1,606.50",3.05,0.03,3.05,"3,003.37",-2.81%,1.811964,3.74%,2307.75,-1.90%,
3/4/2020,"7,876.20",0.29%,0.00,0.29,"1,647.30",-0.14,0.00,-0.14,"3,130.12",4.22%,1.867656,3.07%,2276.02,-1.37%,
3/5/2020,"8,093.30",2.76%,0.03,2.76,"1,653.00",1.44,0.01,1.44,"3,023.94",-3.39%,1.868206,0.03%,2344.52,3.01%,
3/6/2020,"8,125.10",0.39%,0.00,0.39,"1,657.70",0.15,0.00,0.15,"2,972.37",-1.71%,1.858963,-0.49%,2416.01,3.05%,
3/7/2020,"7,897.50",-2.80%,-0.03,-2.8,,0.00,,0.00,,,1.884227,1.36%,2314.37,-4.21%,
3/8/2020,"7,077.40",-10.38%,-0.10,-10.38,,0.00,,0.00,,,1.780098,-5.53%,1962.68,-15.20%,
3/9/2020,"6,955.60",-1.72%,-0.02,-1.72,"1,668.10",0.07,0.00,0.07,"2,746.56",-7.60%,1.600218,-10.11%,2001.05,1.95%,
3/10/2020,"6,978.10",0.32%,0.00,0.32,"1,651.50",-0.90,-0.01,-0.90,"2,882.23",4.94%,1.600275,0.00%,1986.06,-0.75%,
3/11/2020,"7,058.80",1.16%,0.01,1.16,"1,641.70",-1.09,-0.01,-1.09,"2,741.38",-4.89%,1.616276,1.00%,1943.07,-2.16%,
3/12/2020,"4,405.50",-37.59%,-0.38,-37.59,"1,568.70",-3.15,-0.03,-3.15,"2,480.64",-9.51%,1.452863,-10.11%,1186.64,-38.93%,
3/13/2020,"5,111.00",16.01%,0.16,16.01,"1,514.30",-4.62,-0.05,-4.62,"2,711.02",9.29%,0.945114,-34.95%,1427.27,20.28%,
3/14/2020,"4,691.60",-8.21%,-0.08,-8.21,,0.00,,0.00,,,1.108297,17.27%,1310.3,-8.20%,
3/15/2020,"4,823.10",2.80%,0.03,2.8,,0.00,,0.00,,,1.023101,-7.69%,1373.02,4.79%,
3/16/2020,"4,525.80",-6.17%,-0.06,-6.17,"1,458.80",-2.04,-0.02,-2.04,"2,386.13",-11.98%,0.999486,-2.31%,1269.12,-7.57%,
3/17/2020,"4,876.20",7.74%,0.08,7.74,"1,476.30",2.70,0.03,2.70,"2,529.19",6.00%,0.96984,-2.97%,1312.65,3.43%,
3/18/2020,"4,951.00",1.53%,0.02,1.53,"1,485.20",-3.06,-0.03,-3.06,"2,398.10",-5.18%,1.012863,4.44%,1317.05,0.34%,
3/19/2020,"5,828.00",17.71%,0.18,17.71,"1,476.90",0.15,0.00,0.15,"2,409.39",0.47%,1.003267,-0.95%,1489.27,13.08%,
3/20/2020,"5,819.80",-0.14%,0.00,-0.14,"1,468.00",0.38,0.00,0.38,"2,304.92",-4.34%,1.182192,17.83%,1479.59,-0.65%,
3/21/2020,"5,817.20",-0.05%,0.00,-0.05,,0.00,,0.00,,,1.179445,-0.23%,1490.01,0.70%,
3/22/2020,"5,471.40",-5.94%,-0.06,-5.94,,0.00,,0.00,,,1.20364,2.05%,1380.39,-7.36%,
3/23/2020,"6,048.80",10.55%,0.11,10.55,"1,498.90",5.77,0.06,5.77,"2,237.40",-2.93%,1.098337,-8.75%,1514.26,9.70%,
3/24/2020,"6,277.30",3.78%,0.04,3.78,"1,578.00",5.16,0.05,5.16,"2,447.33",9.38%,1.180135,7.45%,1559.89,3.01%,
3/25/2020,"6,166.40",-1.77%,-0.02,-1.77,"1,607.50",-1.79,-0.02,-1.79,"2,475.56",1.15%,1.230985,4.31%,1527.14,-2.10%,
3/26/2020,"6,132.10",-0.56%,-0.01,-0.56,"1,615.00",1.76,0.02,1.76,"2,630.07",6.24%,1.207179,-1.93%,1579.98,3.46%,
3/27/2020,"5,747.10",-6.28%,-0.06,-6.28,"1,631.90",-0.42,0.00,-0.42,"2,541.47",-3.37%,1.216416,0.77%,1505.72,-4.70%,
3/28/2020,"5,629.30",-2.05%,-0.02,-2.05,,0.00,,0.00,,,1.112552,-8.54%,1500.5,-0.35%,
3/29/2020,"5,288.30",-6.06%,-0.06,-6.06,,0.00,,0.00,,,1.117921,0.48%,1433.71,-4.45%,
3/30/2020,"5,809.10",9.85%,0.10,9.85,"1,634.60",-0.66,-0.01,-0.66,"2,626.65",3.35%,1.085379,-2.91%,1512.97,5.53%,
3/31/2020,"5,839.80",0.53%,0.01,0.53,"1,590.80",-2.83,-0.03,-2.83,"2,584.59",-1.60%,1.157186,6.62%,1521.59,0.57%,
4/1/2020,"6,079.90",4.11%,0.04,4.11,"1,577.70",-0.32,0.00,-0.32,"2,470.50",-4.41%,1.163546,0.55%,1552.8,2.05%,
4/2/2020,"6,259.00",2.95%,0.03,2.95,"1,596.70",2.91,0.03,2.91,"2,526.90",2.28%,1.202491,3.35%,1594.83,2.71%,
4/3/2020,"6,247.80",-0.18%,0.00,-0.18,"1,625.30",0.46,0.00,0.46,"2,488.65",-1.51%,1.246117,3.63%,1599.83,0.31%,
4/4/2020,"6,367.80",1.92%,0.02,1.92,,0.00,,0.00,,,1.236989,-0.73%,1621.92,1.38%,
4/5/2020,"6,287.10",-1.27%,-0.01,-1.27,,0.00,,0.00,,,1.256881,1.61%,1601.39,-1.27%,
4/6/2020,"6,801.00",8.17%,0.08,8.17,"1,640.00",2.83,0.03,2.83,"2,663.68",7.03%,1.258768,0.15%,1800.96,12.46%,
4/7/2020,"6,612.00",-2.78%,-0.03,-2.78,"1,674.30",-0.56,-0.01,-0.56,"2,659.41",-0.16%,1.386994,10.19%,1764.07,-2.05%,
4/8/2020,"6,787.40",2.65%,0.03,2.65,"1,673.90",0.02,0.00,0.02,"2,749.98",3.41%,1.42155,2.49%,1828.26,3.64%,
4/9/2020,"6,685.50",-1.50%,-0.02,-1.5,"1,679.20",4.13,0.04,4.13,"2,789.82",1.45%,1.446566,1.76%,1806.9,-1.17%,
4/10/2020,"6,295.40",-5.83%,-0.06,-5.83,"1,740.60",-0.74,-0.01,-0.74,,,1.424821,-1.50%,1682.43,-6.89%,
4/11/2020,"6,312.40",0.27%,0.00,0.27,,0.00,,0.00,,,1.397209,-1.94%,1674.49,-0.47%,
4/12/2020,"6,331.30",0.30%,0.00,0.3,,0.00,,0.00,,,1.372177,-1.79%,1703.03,1.70%,
4/13/2020,"6,286.70",-0.70%,-0.01,-0.7,"1,725.00",1.27,0.01,1.27,"2,761.63",-1.01%,1.364554,-0.56%,1666.25,-2.16%,
4/14/2020,"6,271.40",-0.24%,0.00,-0.24,"1,750.00",0.48,0.00,0.48,"2,846.06",3.06%,1.397561,2.42%,1663.52,-0.16%,
4/15/2020,"6,084.50",-2.98%,-0.03,-2.98,"1,736.40",-1.50,-0.02,-1.50,"2,783.36",-2.20%,1.381687,-1.14%,1613.68,-3.00%,
4/16/2020,"6,548.40",7.62%,0.08,7.62,"1,727.60",-0.48,0.00,-0.48,"2,799.55",0.58%,1.332316,-3.57%,1746.5,8.23%,
4/17/2020,"6,483.40",-0.99%,-0.01,-0.99,"1,695.50",-1.94,-0.02,-1.94,"2,874.56",2.68%,1.452768,9.04%,1732.23,-0.82%,
4/18/2020,"6,683.10",3.08%,0.03,3.08,,0.00,,0.00,,,1.467098,0.99%,1824.1,5.30%,
4/19/2020,"6,570.20",-1.69%,-0.02,-1.69,,0.00,,0.00,,,1.534496,4.59%,1771.32,-2.89%,
4/20/2020,"6,308.60",-3.98%,-0.04,-3.98,"1,689.20",0.74,0.01,0.74,"2,823.16",-1.79%,1.516265,-1.19%,1687.56,-4.73%,
4/21/2020,"6,324.10",0.25%,0.00,0.25,"1,670.30",-1.35,-0.01,-1.35,"2,736.56",-3.07%,1.442581,-4.86%,1696.58,0.53%,
4/22/2020,"6,593.40",4.26%,0.04,4.26,"1,700.00",3.04,0.03,3.04,"2,799.31",2.29%,1.434823,-0.54%,1777.57,4.77%,
4/23/2020,"6,927.00",5.06%,0.05,5.06,"1,736.00",0.43,0.00,0.43,"2,797.80",-0.05%,1.514835,5.58%,1832.28,3.08%,
4/24/2020,"6,944.60",0.26%,0.00,0.26,"1,733.00",-0.53,-0.01,-0.53,"2,836.74",1.39%,1.60644,6.05%,1844.18,0.65%,
4/25/2020,"6,990.10",0.65%,0.01,0.65,,0.00,,0.00,,,1.583448,-1.43%,1862.16,0.97%,
4/26/2020,"7,123.90",1.91%,0.02,1.91,,0.00,,0.00,,,1.601665,1.15%,1896.88,1.86%,
4/27/2020,"7,203.80",1.12%,0.01,1.12,"1,726.80",-0.59,-0.01,-0.59,"2,878.48",1.47%,1.6267,1.56%,1907.83,0.58%,
4/28/2020,"7,179.90",-0.33%,0.00,-0.33,"1,712.70",-0.01,0.00,-0.01,"2,863.39",-0.52%,1.612027,-0.90%,1948.03,2.11%,
4/29/2020,"8,079.10",12.52%,0.13,12.52,"1,718.00",-0.51,-0.01,-0.51,"2,939.51",2.66%,1.6383,1.63%,2118.13,8.73%,
4/30/2020,"7,900.70",-2.21%,-0.02,-2.21,"1,697.70",-1.02,-0.01,-1.02,"2,912.43",-0.92%,1.851451,13.01%,2029.26,-4.20%,
5/1/2020,"8,039.20",1.75%,0.02,1.75,"1,688.00",0.42,0.00,0.42,"2,830.71",-2.81%,1.728267,-6.65%,2083.5,2.67%,
5/2/2020,"8,178.30",1.73%,0.02,1.73,,0.00,,0.00,,,1.749479,1.23%,2133.23,2.39%,
5/3/2020,"8,136.40",-0.51%,-0.01,-0.51,,0.00,,0.00,,,1.79807,2.78%,2088.15,-2.11%,
5/4/2020,"8,157.00",0.25%,0.00,0.25,"1,711.80",0.81,0.01,0.81,"2,842.74",0.42%,1.721097,-4.28%,2065.83,-1.07%,
5/5/2020,"8,338.20",2.22%,0.02,2.22,"1,710.50",0.12,0.00,0.12,"2,868.44",0.90%,1.754268,1.93%,2061.17,-0.23%,
5/6/2020,"8,493.60",1.86%,0.02,1.86,"1,698.80",-1.37,-0.01,-1.37,"2,848.42",-0.70%,1.775872,1.23%,2029.95,-1.51%,
5/7/2020,"9,220.00",8.55%,0.09,8.55,"1,704.50",2.31,0.02,2.31,"2,881.19",1.15%,1.796419,1.16%,2151.53,5.99%,
5/8/2020,"9,057.20",-1.77%,-0.02,-1.77,"1,724.50",-0.49,0.00,-0.49,"2,929.80",1.69%,1.873255,4.28%,2149.78,-0.08%,
5/9/2020,"8,816.00",-2.66%,-0.03,-2.66,,0.00,,0.00,,,1.901315,1.50%,2126.14,-1.10%,
5/10/2020,"8,075.10",-8.40%,-0.08,-8.4,,0.00,,0.00,,,1.880894,-1.07%,1915.86,-9.89%,
5/11/2020,"7,966.30",-1.35%,-0.01,-1.35,"1,714.20",-0.82,-0.01,-0.82,"2,930.32",0.02%,1.718032,-8.66%,1888.64,-1.42%,
5/12/2020,"8,145.30",2.25%,0.02,2.25,"1,717.00",0.41,0.00,0.41,"2,870.12",-2.05%,1.674091,-2.56%,1933.03,2.35%,
5/13/2020,"8,615.90",5.78%,0.06,5.78,"1,721.00",0.54,0.01,0.54,"2,820.00",-1.75%,1.715214,2.46%,2002.88,3.61%,
5/14/2020,"9,055.80",5.11%,0.05,5.11,"1,735.00",1.42,0.01,1.42,"2,852.50",1.15%,1.814061,5.76%,2048.89,2.30%,
5/15/2020,"8,608.90",-4.93%,-0.05,-4.93,"1,758.00",0.95,0.01,0.95,"2,863.70",0.39%,1.853817,2.19%,1979.75,-3.37%,
5/16/2020,"8,685.60",0.89%,0.01,0.89,,0.00,,0.00,,,1.794552,-3.20%,2008.03,1.43%,
5/17/2020,"8,932.40",2.84%,0.03,2.84,,0.00,,0.00,,,1.807845,0.74%,2054.15,2.30%,
5/18/2020,"8,911.60",-0.23%,0.00,-0.23,"1,756.20",-1.02,-0.01,-1.02,"2,953.91",3.15%,1.850692,2.37%,2102.47,2.35%,
5/19/2020,"8,954.40",0.48%,0.00,0.48,"1,754.20",0.73,0.01,0.73,"2,922.94",-1.05%,1.85536,0.25%,2103.6,0.05%,
5/20/2020,"8,674.10",-3.13%,-0.03,-3.13,"1,773.00",0.47,0.00,0.47,"2,971.61",1.67%,1.866624,0.61%,2056.18,-2.25%,
5/21/2020,"8,283.40",-4.50%,-0.05,-4.5,"1,743.80",-1.76,-0.02,-1.76,"2,948.51",-0.78%,1.855109,-0.62%,1959.81,-4.69%,
5/22/2020,"8,418.70",1.63%,0.02,1.63,"1,750.60",0.87,0.01,0.87,"2,955.45",0.24%,1.76846,-4.67%,2018.95,3.02%,
5/23/2020,"8,427.30",0.10%,0.00,0.1,,0.00,,0.00,,,1.838683,3.97%,2012.59,-0.32%,
5/24/2020,"8,005.00",-5.01%,-0.05,-5.01,"1,729.80",-1.98,-0.02,-1.98,,,1.825546,-0.71%,1933.96,-3.91%,
5/25/2020,"8,170.00",2.06%,0.02,2.06,"1,719.25",-0.21,0.00,-0.21,,,1.795921,-1.62%,1977.68,2.26%,
5/26/2020,"8,067.90",-1.25%,-0.01,-1.25,"1,734.80",0.78,0.01,0.78,"2,991.77",1.23%,1.769838,-1.45%,1952.95,-1.25%,
5/27/2020,"8,362.20",3.65%,0.04,3.65,"1,714.80",0.00,0.00,0.00,"3,036.13",1.48%,1.741909,-1.58%,2015.13,3.18%,
5/28/2020,"8,644.00",3.37%,0.03,3.37,"1,734.30",0.13,0.00,0.13,"3,029.73",-0.21%,1.769746,1.60%,2088.38,3.64%,
5/29/2020,"8,504.40",-1.62%,-0.02,-1.62,"1,740.70",1.32,0.01,1.32,"3,044.31",0.48%,1.837371,3.82%,2072.57,-0.76%,
5/30/2020,"8,718.60",2.52%,0.03,2.52,,0.00,,0.00,,,1.840746,0.18%,2206.15,6.45%,
5/31/2020,"8,514.50",-2.34%,-0.02,-2.34,,0.00,,0.00,,,1.934803,5.11%,2123.55,-3.74%,
6/1/2020,"9,101.10",6.89%,0.07,6.89,"1,751.60",-0.11,0.00,-0.11,"3,055.73",0.38%,1.936754,0.10%,2260.83,6.46%,
6/2/2020,"8,530.50",-6.27%,-0.06,-6.27,"1,743.40",-0.79,-0.01,-0.79,"3,080.82",0.82%,1.990774,2.79%,2167.25,-4.14%,
6/3/2020,"8,610.90",0.94%,0.01,0.94,"1,707.50",-1.50,-0.02,-1.50,"3,122.87",1.36%,1.96918,-1.08%,2205.13,1.75%,
6/4/2020,"8,650.40",0.46%,0.00,0.46,"1,718.50",1.33,0.01,1.33,"3,112.35",-0.34%,1.984839,0.80%,2212.64,0.34%,
6/5/2020,"8,547.50",-1.19%,-0.01,-1.19,"1,690.10",-2.55,-0.03,-2.55,"3,193.93",2.62%,1.991132,0.32%,2184.73,-1.26%,
6/6/2020,"8,584.30",0.43%,0.00,0.43,,0.00,,0.00,,,1.973519,-0.88%,2193.63,0.41%,
6/7/2020,"8,630.10",0.53%,0.01,0.53,,0.00,,0.00,,,1.987694,0.72%,2203.2,0.44%,
6/8/2020,"8,649.90",0.23%,0.00,0.23,"1,700.10",1.29,0.01,1.29,"3,232.39",1.20%,1.976521,-0.56%,2214.35,0.51%,
6/9/2020,"8,634.30",-0.18%,0.00,-0.18,"1,715.90",0.96,0.01,0.96,"3,207.18",-0.78%,1.989847,0.67%,2195.95,-0.83%,
6/10/2020,"8,712.00",0.90%,0.01,0.9,"1,732.80",-0.07,0.00,-0.07,"3,190.14",-0.53%,1.986309,-0.18%,2224.11,1.28%,
6/11/2020,"8,221.40",-5.63%,-0.06,-5.63,"1,746.00",1.07,0.01,1.07,"3,002.10",-5.89%,1.996438,0.51%,2061.87,-7.29%,
6/12/2020,"8,417.50",2.39%,0.02,2.39,"1,746.90",-0.14,0.00,-0.14,"3,041.31",1.31%,1.910673,-4.30%,2118.31,2.74%,
6/13/2020,"8,422.10",0.05%,0.00,0.05,,0.00,,0.00,,,,0.00%,2122.16,0.18%,
6/14/2020,"8,299.40",-1.46%,-0.01,-1.46,,0.00,,0.00,,,,0.00%,2080.12,-1.98%,
6/15/2020,"8,321.30",0.26%,0.00,0.26,"1,724.60",-0.59,-0.01,-0.59,"3,066.59",0.83%,1.791442,-6.24%,2086.67,0.31%,
6/16/2020,"8,461.30",1.68%,0.02,1.68,"1,739.80",0.54,0.01,0.54,"3,124.74",1.90%,1.895451,5.81%,2106.89,0.97%,
6/17/2020,"8,425.50",-0.42%,0.00,-0.42,"1,735.60",-0.06,0.00,-0.06,"3,113.49",-0.36%,1.888695,-0.36%,2104.11,-0.13%,
6/18/2020,"8,380.00",-0.54%,-0.01,-0.54,"1,739.60",-0.31,0.00,-0.31,"3,115.34",0.06%,1.919923,1.65%,2077.23,-1.28%,
6/19/2020,"8,329.30",-0.61%,-0.01,-0.61,"1,745.50",1.18,0.01,1.18,"3,097.74",-0.56%,1.878118,-2.18%,2055.03,-1.07%,
6/20/2020,"8,373.80",0.53%,0.01,0.53,,0.00,,0.00,,,1.899036,1.11%,2062.38,0.36%,
6/21/2020,"8,314.80",-0.70%,-0.01,-0.7,,0.00,,0.00,,,1.903582,0.24%,2044.02,-0.89%,
6/22/2020,"8,587.30",3.28%,0.03,3.28,"1,769.00",0.74,0.01,0.74,"3,117.86",0.65%,1.92165,0.95%,2138.26,4.61%,
6/23/2020,"8,516.50",-0.82%,-0.01,-0.82,"1,774.00",0.86,0.01,0.86,"3,131.29",0.43%,1.973877,2.72%,2132.29,-0.28%,
6/24/2020,"8,271.50",-2.88%,-0.03,-2.88,"1,787.80",-0.25,0.00,-0.25,"3,050.33",-2.59%,2.006362,1.65%,2061.49,-3.32%,
6/25/2020,"8,251.90",-0.24%,0.00,-0.24,"1,781.60",-0.23,0.00,-0.23,"3,083.76",1.10%,1.898287,-5.39%,2045.36,-0.78%,
6/26/2020,"8,176.70",-0.91%,-0.01,-0.91,"1,772.00",0.56,0.01,0.56,"3,009.05",-2.42%,1.953267,2.90%,2034.18,-0.55%,
6/27/2020,"8,052.30",-1.52%,-0.02,-1.52,,0.00,,0.00,,,1.925731,-1.41%,1957.86,-3.75%,
6/28/2020,"8,138.20",1.07%,0.01,1.07,,0.00,,0.00,,,1.852338,-3.81%,1988.72,1.58%,
6/29/2020,"8,167.50",0.36%,0.00,0.36,"1,795.30",0.09,0.00,0.09,"3,053.24",1.47%,1.905376,2.86%,2007.04,0.92%,
6/30/2020,"8,145.30",-0.27%,0.00,-0.27,"1,794.00",1.13,0.01,1.13,"3,100.29",1.54%,1.923638,0.96%,1989.04,-0.90%,
7/1/2020,"8,219.00",0.90%,0.01,0.9,"1,789.80",-1.02,-0.01,-1.02,"3,115.86",0.50%,1.907764,-0.83%,2015.84,1.35%,
7/2/2020,"8,109.00",-1.34%,-0.01,-1.34,"1,788.30",0.56,0.01,0.56,"3,130.01",0.45%,1.9854,4.07%,1984.74,-1.54%,
7/3/2020,"8,077.00",-0.39%,0.00,-0.39,"1,783.65",-1.35,-0.01,-1.35,,,1.95623,-1.47%,1985.46,0.04%,
7/4/2020,"8,133.30",0.70%,0.01,0.7,,0.00,,0.00,,,1.973373,0.88%,2013.08,1.39%,
7/5/2020,"8,086.40",-0.58%,-0.01,-0.58,,0.00,,0.00,,,1.980435,0.36%,1998.75,-0.71%,
7/6/2020,"8,262.50",2.18%,0.02,2.18,"1,801.60",1.59,0.02,1.59,"3,179.72",1.59%,1.967398,-0.66%,2114.23,5.78%,
7/7/2020,"8,230.50",-0.39%,0.00,-0.39,"1,804.80",1.00,0.01,1.00,"3,145.32",-1.08%,2.092003,6.33%,2089.14,-1.19%,
7/8/2020,"8,341.50",1.35%,0.01,1.35,"1,829.10",0.89,0.01,0.89,"3,169.94",0.78%,2.213732,5.82%,2200.56,5.33%,
7/9/2020,"8,202.70",-1.66%,-0.02,-1.66,"1,829.60",-0.92,-0.01,-0.92,"3,152.05",-0.56%,2.213665,0.00%,2166.93,-1.53%,
7/10/2020,"8,235.80",0.40%,0.00,0.4,"1,825.50",-0.12,0.00,-0.12,"3,185.04",1.05%,2.189186,-1.11%,2154.18,-0.59%,
7/11/2020,"8,201.90",-0.41%,0.00,-0.41,,0.00,,0.00,,,2.192385,0.15%,2159.6,0.25%,
7/12/2020,"8,243.60",0.51%,0.01,0.51,,0.00,,0.00,,,2.226113,1.54%,2174.59,0.69%,
7/13/2020,"8,160.90",-1.00%,-0.01,-1,"1,831.60",0.68,0.01,0.68,"3,155.22",-0.94%,2.405461,8.06%,2142.48,-1.48%,
7/14/2020,"8,128.50",-0.40%,0.00,-0.4,"1,819.30",-0.12,0.00,-0.12,"3,197.52",1.34%,2.286215,-4.96%,2147.37,0.23%,
7/15/2020,"8,057.70",-0.87%,-0.01,-0.87,"1,831.90",0.01,0.00,0.01,"3,226.56",0.91%,2.396629,4.83%,2130.56,-0.78%,
7/16/2020,"8,024.90",-0.41%,0.00,-0.41,"1,819.90",-0.82,-0.01,-0.82,"3,215.57",-0.34%,2.405353,0.36%,2108.8,-1.02%,
7/17/2020,"8,032.90",0.10%,0.00,0.1,"1,821.00",0.39,0.00,0.39,"3,224.73",0.28%,2.37062,-1.44%,2108.68,-0.01%,
7/18/2020,"8,051.50",0.23%,0.00,0.23,,0.00,,0.00,,,2.333717,-1.56%,2130.32,1.03%,
7/19/2020,"8,071.90",0.25%,0.00,0.25,,0.00,,0.00,,,2.350326,0.71%,2142.94,0.59%,
7/20/2020,"8,022.20",-0.62%,-0.01,-0.62,"1,830.70",0.35,0.00,0.35,"3,251.84",0.84%,2.37787,1.17%,2105.15,-1.76%,
7/21/2020,"8,163.60",1.76%,0.02,1.76,"1,839.90",1.60,0.02,1.60,"3,257.30",0.17%,2.325239,-2.21%,2173.22,3.23%,
7/22/2020,"8,249.20",1.05%,0.01,1.05,"1,867.80",1.23,0.01,1.23,"3,276.02",0.57%,2.347695,0.97%,2251.15,3.59%,
7/23/2020,"8,307.20",0.70%,0.01,0.7,"1,890.40",1.31,0.01,1.31,"3,235.66",-1.23%,2.462615,4.90%,2291.21,1.78%,
7/24/2020,"8,222.40",-1.02%,-0.01,-1.02,"1,908.00",0.41,0.00,0.41,"3,215.63",-0.62%,2.478349,0.64%,2274.62,-0.72%,
7/25/2020,"8,356.40",1.63%,0.02,1.63,,0.00,,0.00,,,2.555854,3.13%,2413.4,6.10%,
7/26/2020,"8,529.40",2.07%,0.02,2.07,,0.00,,0.00,,,2.662222,4.16%,2430.85,0.72%,
7/27/2020,"9,336.20",9.46%,0.09,9.46,"1,926.80",1.57,0.02,1.57,"3,239.41",0.74%,2.727639,2.46%,2582.5,6.24%,
7/28/2020,"9,338.20",0.02%,0.00,0.02,"1,927.50",0.43,0.00,0.43,"3,218.44",-0.65%,2.816407,3.25%,2616.49,1.32%,
7/29/2020,"9,448.80",1.18%,0.01,1.18,"1,955.70",0.65,0.01,0.65,"3,258.44",1.24%,2.842987,0.94%,2655.24,1.48%,
7/30/2020,"9,384.10",-0.68%,-0.01,-0.68,"1,952.30",-0.50,-0.01,-0.50,"3,246.22",-0.38%,2.846371,0.12%,2706.71,1.94%,
7/31/2020,"9,648.00",2.81%,0.03,2.81,"1,971.40",0.97,0.01,0.97,"3,271.12",0.77%,2.87403,0.97%,2803.19,3.56%,
8/1/2020,"10,043.10",4.10%,0.04,4.1,,0.00,,0.00,,,2.964889,3.16%,3055,8.98%,
8/2/2020,"9,400.10",-6.40%,-0.06,-6.4,,0.00,,0.00,,,3.191233,7.63%,2899.84,-5.08%,
8/3/2020,"9,571.80",1.83%,0.02,1.83,"1,975.20",0.02,0.00,0.02,"3,294.61",0.72%,3.077563,-3.56%,3021.03,4.18%,
8/4/2020,"9,501.00",-0.74%,-0.01,-0.74,"1,982.60",1.75,0.02,1.75,"3,306.51",0.36%,3.13816,1.97%,2998.35,-0.75%,
8/5/2020,"9,912.70",4.33%,0.04,4.33,"2,027.50",1.40,0.01,1.40,"3,327.77",0.64%,3.198622,1.93%,3073.06,2.49%,
8/6/2020,"9,934.10",0.22%,0.00,0.22,"2,049.00",0.98,0.01,0.98,"3,349.16",0.64%,3.263124,2.02%,3076.12,0.10%,
8/7/2020,"9,865.70",-0.69%,-0.01,-0.69,"2,024.80",-2.00,-0.02,-2.00,"3,351.28",0.06%,3.22454,-1.18%,2990.77,-2.77%,
8/8/2020,"9,999.50",1.36%,0.01,1.36,,0.00,,0.00,,,3.177941,-1.45%,3049.76,1.97%,
8/9/2020,"9,941.50",-0.58%,-0.01,-0.58,,0.00,,0.00,,,3.30895,4.12%,2998.74,-1.67%,
8/10/2020,"10,137.40",1.97%,0.02,1.97,"2,027.80",0.58,0.01,0.58,"3,360.47",0.27%,3.3231,0.43%,3048.3,1.65%,
8/11/2020,"9,720.90",-4.11%,-0.04,-4.11,"1,911.30",-4.58,-0.05,-4.58,"3,333.69",-0.80%,3.348747,0.77%,2901.29,-4.82%,
8/12/2020,"9,829.90",1.12%,0.01,1.12,"1,874.20",0.14,0.00,0.14,"3,380.35",1.40%,3.189153,-4.77%,2936.49,1.21%,
8/13/2020,"9,974.20",1.47%,0.01,1.47,"1,923.00",1.10,0.01,1.10,"3,373.43",-0.20%,3.293362,3.27%,3089.71,5.22%,
8/14/2020,"9,960.80",-0.13%,0.00,-0.13,"1,939.10",-1.05,-0.01,-1.05,"3,372.85",-0.02%,3.471579,5.41%,3132.6,1.39%,
8/15/2020,"10,027.10",0.67%,0.01,0.67,,0.00,,0.00,,,3.534327,1.81%,3145.29,0.41%,
8/16/2020,"10,063.90",0.37%,0.00,0.37,,0.00,,0.00,,,3.572679,1.09%,3196.88,1.64%,
8/17/2020,"10,359.70",2.94%,0.03,2.94,"1,939.10",2.51,0.03,2.51,"3,381.99",0.27%,3.572722,0.00%,3263.93,2.10%,
8/18/2020,"10,032.10",-3.16%,-0.03,-3.16,"1,985.20",0.72,0.01,0.72,"3,389.78",0.23%,3.660376,2.45%,3159.98,-3.18%,
8/19/2020,"9,941.20",-0.91%,-0.01,-0.91,"1,930.50",-2.13,-0.02,-2.13,"3,374.85",-0.44%,3.542773,-3.21%,3046.73,-3.58%,
8/20/2020,"10,011.70",0.71%,0.01,0.71,"1,928.90",-1.21,-0.01,-1.21,"3,385.51",0.32%,3.419292,-3.49%,3089.83,1.41%,
8/21/2020,"9,794.30",-2.17%,-0.02,-2.17,"1,916.60",0.03,0.00,0.03,"3,397.16",0.34%,3.473425,1.58%,2934.81,-5.02%,
8/22/2020,"9,914.50",1.23%,0.01,1.23,,0.00,,0.00,,,3.329353,-4.15%,2991.24,1.92%,
8/23/2020,"9,894.80",-0.20%,0.00,-0.2,,0.00,,0.00,,,3.370591,1.24%,2980.14,-0.37%,
8/24/2020,"9,987.00",0.93%,0.01,0.93,"1,930.80",-0.40,0.00,-0.40,"3,431.28",1.00%,3.362769,-0.23%,3045.21,2.18%,
8/25/2020,"9,595.20",-3.92%,-0.04,-3.92,"1,919.10",-0.83,-0.01,-0.83,"3,443.62",0.36%,3.420847,1.73%,2894.3,-4.96%,
8/26/2020,"9,693.50",1.02%,0.01,1.02,"1,908.40",1.53,0.02,1.53,"3,478.73",1.02%,3.223122,-5.78%,2906.64,0.43%,
8/27/2020,"9,597.60",-0.99%,-0.01,-0.99,"1,914.70",-1.02,-0.01,-1.02,"3,484.55",0.17%,3.284536,1.91%,2836.16,-2.42%,
8/28/2020,"9,706.50",1.14%,0.01,1.14,"1,928.20",2.19,0.02,2.19,"3,508.01",0.67%,3.209828,-2.27%,2908.12,2.54%,
8/29/2020,"9,670.10",-0.38%,0.00,-0.38,,0.00,,0.00,,,3.26853,1.83%,2918.31,0.35%,
8/30/2020,"9,839.40",1.75%,0.02,1.75,,0.00,,0.00,,,3.331001,1.91%,3060.66,4.88%,
8/31/2020,"9,783.50",-0.57%,-0.01,-0.57,"1,962.30",0.19,0.00,0.19,"3,500.31",-0.22%,3.403058,2.16%,3047.66,-0.42%,
9/1/2020,"10,007.70",2.29%,0.02,2.29,"1,969.20",0.02,0.00,0.02,"3,526.65",0.75%,3.436372,0.98%,3224.3,5.80%,
9/2/2020,"9,643.50",-3.64%,-0.04,-3.64,"1,938.90",-1.73,-0.02,-1.73,"3,580.84",1.54%,3.682974,7.18%,3004.12,-6.83%,
9/3/2020,"8,625.00",-10.56%,-0.11,-10.56,"1,927.20",-0.35,0.00,-0.35,"3,455.06",-3.51%,3.43031,-6.86%,2612.19,-13.05%,
9/4/2020,"8,860.20",2.73%,0.03,2.73,"1,921.60",-0.18,0.00,-0.18,"3,426.96",-0.81%,3.178766,-7.33%,2687.15,2.87%,
9/5/2020,"8,602.70",-2.91%,-0.03,-2.91,,0.00,,0.00,,,3.125735,-1.67%,2487.72,-7.42%,
9/6/2020,"8,678.30",0.88%,0.01,0.88,"1,937.65",0.33,0.00,0.33,,,2.79802,-10.48%,2545.37,2.32%,
9/7/2020,"8,792.80",1.32%,0.01,1.32,"1,930.45",-0.18,0.00,-0.18,,,2.938788,5.03%,2567.71,0.88%,
9/8/2020,"8,617.50",-1.99%,-0.02,-1.99,"1,911.70",0.31,0.00,0.31,"3,331.84",-2.78%,2.869155,-2.37%,2487.46,-3.13%,
9/9/2020,"8,679.90",0.72%,0.01,0.72,"1,926.30",0.60,0.01,0.60,"3,398.96",2.01%,2.838428,-1.07%,2535.85,1.95%,
9/10/2020,"8,770.90",1.05%,0.01,1.05,"1,948.60",0.48,0.00,0.48,"3,339.19",-1.76%,2.920579,2.89%,2601.56,2.59%,
9/11/2020,"8,795.00",0.27%,0.00,0.27,"1,944.00",-0.83,-0.01,-0.83,"3,340.97",0.05%,2.982824,2.13%,2619.54,0.69%,
9/12/2020,"8,831.50",0.41%,0.00,0.41,,0.00,,0.00,,,2.979508,-0.11%,2679.7,2.30%,
9/13/2020,"8,740.50",-1.03%,-0.01,-1.03,,0.00,,0.00,,,3.035974,1.90%,2585.69,-3.51%,
9/14/2020,"9,011.00",3.09%,0.03,3.09,"1,945.20",0.81,0.01,0.81,"3,383.54",1.27%,2.954454,-2.69%,2646.91,2.37%,
9/15/2020,"9,118.30",1.19%,0.01,1.19,"1,955.60",0.13,0.00,0.13,"3,401.20",0.52%,3.049846,3.23%,2619.77,-1.03%,
9/16/2020,"9,285.80",1.84%,0.02,1.84,"1,957.20",0.22,0.00,0.22,"3,385.49",-0.46%,3.017266,-1.07%,2635.76,0.61%,
9/17/2020,"9,246.00",-0.43%,0.00,-0.43,"1,938.20",-1.05,-0.01,-1.05,"3,357.01",-0.84%,3.024699,0.25%,2711.84,2.89%,
9/18/2020,"9,245.40",-0.01%,0.00,-0.01,"1,951.10",0.63,0.01,0.63,"3,319.47",-1.12%,3.091946,2.22%,2692.68,-0.71%,
9/19/2020,"9,370.80",1.36%,0.01,1.36,,0.00,,0.00,,,3.033211,-1.90%,2703.04,0.38%,
9/20/2020,"9,233.30",-1.47%,-0.01,-1.47,,0.00,,0.00,,,3.05095,0.58%,2634.64,-2.53%,
9/21/2020,"8,868.80",-3.95%,-0.04,-3.95,"1,885.40",-2.62,-0.03,-2.62,"3,281.06",-1.16%,2.965365,-2.81%,2455.58,-6.80%,
9/22/2020,"9,003.70",1.52%,0.02,1.52,"1,898.90",-0.16,0.00,-0.16,"3,315.57",1.05%,2.831285,-4.52%,2492.85,1.52%,
9/23/2020,"8,790.20",-2.37%,-0.02,-2.37,"1,856.00",-2.05,-0.02,-2.05,"3,236.92",-2.37%,2.866012,1.23%,2366.77,-5.06%,
9/24/2020,"9,192.30",4.57%,0.05,4.57,"1,851.00",0.45,0.00,0.45,"3,246.59",0.30%,2.741229,-4.35%,2512.16,6.14%,
9/25/2020,"9,196.20",0.04%,0.00,0.04,"1,854.10",-0.56,-0.01,-0.56,"3,298.46",1.60%,2.890598,5.45%,2547.27,1.40%,
9/26/2020,"9,226.90",0.33%,0.00,0.33,,0.00,,0.00,,,3.002638,3.88%,2560.16,0.51%,
9/27/2020,"9,262.30",0.38%,0.00,0.38,,0.00,,0.00,,,2.964958,-1.25%,2582.71,0.88%,
9/28/2020,"9,164.00",-1.06%,-0.01,-1.06,"1,851.10",0.86,0.01,0.86,"3,351.60",1.61%,2.985099,0.68%,2556.6,-1.01%,
9/29/2020,"9,240.60",0.84%,0.01,0.84,"1,880.80",1.11,0.01,1.11,"3,335.47",-0.48%,3.05016,2.18%,2591.95,1.38%,
9/30/2020,"9,196.60",-0.48%,0.00,-0.48,"1,885.80",-0.40,0.00,-0.40,"3,363.00",0.83%,2.970572,-2.61%,2589.23,-0.10%,
10/1/2020,"9,051.70",-1.57%,-0.02,-1.57,"1,890.00",1.10,0.01,1.10,"3,380.80",0.53%,2.955388,-0.51%,2556.28,-1.27%,
10/2/2020,"9,033.30",-0.20%,0.00,-0.2,"1,895.20",-0.45,0.00,-0.45,"3,348.44",-0.96%,2.917508,-1.28%,2509.84,-1.82%,
10/3/2020,"9,024.60",-0.10%,0.00,-0.1,,0.00,,0.00,,,2.846934,-2.42%,2505.47,-0.17%,
10/4/2020,"9,109.70",0.94%,0.01,0.94,,0.00,,0.00,,,2.899836,1.86%,2578.16,2.90%,
10/5/2020,"9,151.00",0.45%,0.00,0.45,"1,891.20",0.66,0.01,0.66,"3,408.63",1.80%,2.921085,0.73%,2594.54,0.64%,
10/6/2020,"9,039.60",-1.22%,-0.01,-1.22,"1,878.20",-0.59,-0.01,-0.59,"3,360.95",-1.40%,2.925896,0.16%,2537.76,-2.19%,
10/7/2020,"9,072.90",0.37%,0.00,0.37,"1,877.10",-0.94,-0.01,-0.94,"3,419.45",1.74%,2.847928,-2.66%,2559.02,0.84%,
10/8/2020,"9,283.70",2.32%,0.02,2.32,"1,885.30",0.23,0.00,0.23,"3,446.83",0.80%,2.85978,0.42%,2615.2,2.20%,
10/9/2020,"9,348.70",0.70%,0.01,0.7,"1,898.00",1.64,0.02,1.64,"3,477.13",0.88%,2.930407,2.47%,2666.03,1.94%,
10/10/2020,"9,522.70",1.86%,0.02,1.86,,0.00,,0.00,,,3.010031,2.72%,2701.63,1.34%,
10/11/2020,"9,621.40",1.04%,0.01,1.04,,0.00,,0.00,,,3.082473,2.41%,2728.67,1.00%,
10/12/2020,"9,757.40",1.41%,0.01,1.41,"1,923.80",0.14,0.00,0.14,"3,534.22",1.64%,3.077853,-0.15%,2765.7,1.36%,
10/13/2020,"9,736.30",-0.22%,0.00,-0.22,"1,889.30",-1.78,-0.02,-1.78,"3,511.93",-0.63%,3.212362,4.37%,2760.47,-0.19%,
10/14/2020,"9,738.20",0.02%,0.00,0.02,"1,885.00",0.67,0.01,0.67,"3,488.67",-0.66%,3.181512,-0.96%,2738.29,-0.80%,
10/15/2020,"9,830.00",0.94%,0.01,0.94,"1,892.70",0.08,0.00,0.08,"3,483.34",-0.15%,3.111558,-2.20%,2733.89,-0.16%,
10/16/2020,"9,674.80",-1.58%,-0.02,-1.58,"1,901.10",-0.13,0.00,-0.13,"3,483.81",0.01%,3.12737,0.51%,2664.81,-2.53%,
10/17/2020,"9,705.00",0.31%,0.00,0.31,,0.00,,0.00,,,3.0549,-2.32%,2668.51,0.14%,
10/18/2020,"9,827.20",1.26%,0.01,1.26,,0.00,,0.00,,,3.066077,0.37%,2705.67,1.39%,
10/19/2020,"9,987.30",1.63%,0.02,1.63,"1,900.20",0.28,0.00,0.28,"3,426.92",-1.63%,3.111809,1.49%,2741.45,1.32%,
10/20/2020,"10,079.90",0.93%,0.01,0.93,"1,896.60",0.19,0.00,0.19,"3,443.12",0.47%,3.136584,0.80%,2699.77,-1.52%,
10/21/2020,"10,770.40",6.85%,0.07,6.85,"1,911.60",0.74,0.01,0.74,"3,435.56",-0.22%,3.057852,-2.51%,2872.53,6.40%,
10/22/2020,"10,980.90",1.95%,0.02,1.95,"1,894.20",-1.29,-0.01,-1.29,"3,453.49",0.52%,3.252747,6.37%,2963.52,3.17%,
10/23/2020,"10,893.70",-0.79%,-0.01,-0.79,"1,895.20",0.03,0.00,0.03,"3,465.39",0.34%,3.389424,4.20%,2947.19,-0.55%,
10/24/2020,"11,046.70",1.40%,0.01,1.4,,0.00,,0.00,,,3.30445,-2.51%,2994.48,1.60%,
10/25/2020,"10,998.00",-0.44%,0.00,-0.44,,0.00,,0.00,,,3.331341,0.81%,2957.38,-1.24%,
10/26/2020,"11,076.00",0.71%,0.01,0.71,"1,892.50",0.03,0.00,0.03,"3,400.97",-1.86%,3.308769,-0.68%,2894.53,-2.13%,
10/27/2020,"11,621.00",4.92%,0.05,4.92,"1,898.70",0.33,0.00,0.33,"3,390.68",-0.30%,3.259763,-1.48%,2972.59,2.70%,
10/28/2020,"11,319.10",-2.60%,-0.03,-2.6,"1,869.10",-1.71,-0.02,-1.71,"3,271.03",-3.53%,3.3657,3.25%,2892.47,-2.70%,
10/29/2020,"11,529.40",1.86%,0.02,1.86,"1,859.20",-0.60,-0.01,-0.60,"3,310.11",1.19%,3.24501,-3.59%,2884.82,-0.26%,
10/30/2020,"11,644.10",0.99%,0.01,0.99,"1,863.30",0.64,0.01,0.64,"3,269.96",-1.21%,3.238611,-0.20%,2863.25,-0.75%,
10/31/2020,"11,850.60",1.77%,0.02,1.77,,0.00,,0.00,,,3.24871,0.31%,2895.14,1.11%,
11/1/2020,"11,822.60",-0.24%,0.00,-0.24,,0.00,,0.00,,,3.304558,1.72%,2918.09,0.79%,
11/2/2020,"11,659.40",-1.38%,-0.01,-1.38,"1,873.30",0.67,0.01,0.67,"3,310.24",1.23%,3.324067,0.59%,2844.44,-2.52%,
11/3/2020,"11,929.40",2.32%,0.02,2.32,"1,887.60",0.95,0.01,0.95,"3,369.16",1.78%,3.244509,-2.39%,2872.73,0.99%,
11/4/2020,"12,067.30",1.16%,0.01,1.16,"1,881.80",-0.74,-0.01,-0.74,"3,443.44",2.20%,3.244492,0.00%,2901.71,1.01%,
11/5/2020,"13,189.90",9.30%,0.09,9.3,"1,902.20",2.67,0.03,2.67,"3,510.45",1.95%,3.318488,2.28%,3074.07,5.94%,
11/6/2020,"13,137.10",-0.40%,0.00,-0.4,"1,937.20",0.25,0.00,0.25,"3,509.44",-0.03%,3.486949,5.08%,3218.66,4.70%,
11/7/2020,"12,429.00",-5.39%,-0.05,-5.39,,0.00,,0.00,,,3.656806,4.87%,3077.78,-4.38%,
11/8/2020,"12,985.10",4.47%,0.04,4.47,,0.00,,0.00,,,3.486412,-4.66%,3197.03,3.87%,
11/9/2020,"12,960.40",-0.19%,0.00,-0.19,"1,848.00",-4.99,-0.05,-4.99,"3,550.50",1.17%,3.640005,4.41%,3140.79,-1.76%,
11/10/2020,"12,969.00",0.07%,0.00,0.07,"1,858.90",1.19,0.01,1.19,"3,545.53",-0.14%,3.60317,-1.01%,3147.64,0.22%,
11/11/2020,"13,328.00",2.77%,0.03,2.77,"1,853.90",-0.79,-0.01,-0.79,"3,572.66",0.77%,3.687537,2.34%,3206.81,1.88%,
11/12/2020,"13,819.90",3.69%,0.04,3.69,"1,860.70",0.63,0.01,0.63,"3,537.01",-1.00%,3.753833,1.80%,3249.85,1.34%,
11/13/2020,"13,803.00",-0.12%,0.00,-0.12,"1,872.10",0.69,0.01,0.69,"3,585.15",1.36%,3.750648,-0.08%,3333.68,2.58%,
11/14/2020,"13,599.80",-1.47%,-0.01,-1.47,,0.00,,0.00,,,3.816149,1.75%,3279.09,-1.64%,
11/15/2020,"13,491.60",-0.80%,-0.01,-0.8,,0.00,,0.00,,,3.736977,-2.07%,3232.39,-1.42%,
11/16/2020,"14,094.90",4.47%,0.04,4.47,"1,861.50",0.08,0.00,0.08,"3,626.91",1.16%,3.659647,-2.07%,3412.54,5.57%,
11/17/2020,"14,890.00",5.64%,0.06,5.64,"1,876.30",-0.14,0.00,-0.14,"3,609.53",-0.48%,3.806823,4.02%,3571.87,4.67%,
11/18/2020,"15,012.40",0.82%,0.01,0.82,"1,860.30",-0.59,-0.01,-0.59,"3,567.79",-1.16%,3.976298,4.45%,3516.25,-1.56%,
11/19/2020,"15,033.20",0.14%,0.00,0.14,"1,850.00",-0.66,-0.01,-0.66,"3,581.87",0.39%,3.979025,0.07%,3569.97,1.53%,
11/20/2020,"15,743.10",4.72%,0.05,4.72,"1,859.10",0.59,0.01,0.59,"3,557.54",-0.68%,3.974187,-0.12%,3789.69,6.15%,
11/21/2020,"15,743.50",0.00%,0.00,0,,0.00,,0.00,,,4.190885,5.45%,4341.91,14.57%,
11/22/2020,"15,529.40",-1.36%,-0.01,-1.36,,0.00,,0.00,,,4.570661,9.06%,4245.8,-2.21%,
11/23/2020,"15,528.10",-0.01%,0.00,-0.01,"1,828.00",-1.85,-0.02,-1.85,"3,577.59",0.56%,4.736027,3.62%,4915.72,15.78%,
11/24/2020,"16,114.20",3.77%,0.04,3.77,"1,803.70",-1.46,-0.01,-1.46,"3,635.41",1.62%,5.118362,8.07%,5289.88,7.61%,
11/25/2020,"15,728.00",-2.40%,-0.02,-2.4,"1,804.70",0.02,0.00,0.02,"3,629.65",-0.16%,5.304745,3.64%,4939.05,-6.63%,
11/26/2020,"14,410.20",-8.38%,-0.08,-8.38,"1,804.20",-0.23,0.00,-0.23,,,5.041303,-4.97%,4362.8,-11.67%,
11/27/2020,"14,342.60",-0.47%,0.00,-0.47,"1,776.50",-1.05,-0.01,-1.05,"3,638.35",0.24%,4.522483,-10.29%,4466.57,2.38%,
11/28/2020,"14,849.00",3.53%,0.04,3.53,,0.00,,0.00,,,4.462637,-1.32%,4735.9,6.03%,
11/29/2020,"15,207.00",2.41%,0.02,2.41,,0.00,,0.00,,,4.828868,8.21%,4804.68,1.45%,
11/30/2020,"16,427.40",8.03%,0.08,8.03,"1,767.20",-0.40,0.00,-0.40,"3,621.63",-0.46%,4.900536,1.48%,5219.18,8.63%,
12/1/2020,"15,578.50",-5.17%,-0.05,-5.17,"1,778.40",2.13,0.02,2.13,"3,662.45",1.13%,5.227302,6.67%,4889.8,-6.31%,
12/2/2020,"15,877.50",1.92%,0.02,1.92,"1,810.50",0.62,0.01,0.62,"3,669.01",0.18%,4.966768,-4.98%,5019.14,2.65%,
12/3/2020,"16,020.70",0.90%,0.01,0.9,"1,826.70",0.60,0.01,0.60,"3,666.72",-0.06%,4.996902,0.61%,5061.42,0.84%,
12/4/2020,"15,417.30",-3.77%,-0.04,-3.77,"1,832.00",-0.06,0.00,-0.06,"3,699.12",0.88%,5.097862,2.02%,4622.14,-8.68%,
12/5/2020,"15,824.90",2.64%,0.03,2.64,,0.00,,0.00,,,4.708313,-7.64%,4834.9,4.60%,
12/6/2020,"15,983.70",1.00%,0.01,1,,0.00,,0.00,,,4.891999,3.90%,4962.05,2.63%,
12/7/2020,"15,843.60",-0.88%,-0.01,-0.88,"1,824.80",1.41,0.01,1.41,"3,691.96",-0.19%,4.950562,1.20%,4879.81,-1.66%,
12/8/2020,"15,143.50",-4.42%,-0.04,-4.42,"1,863.90",0.48,0.00,0.48,"3,702.25",0.28%,4.908771,-0.84%,4551.62,-6.73%,
12/9/2020,"15,375.30",1.53%,0.02,1.53,"1,828.20",-1.94,-0.02,-1.94,"3,672.82",-0.79%,4.60584,-6.17%,4697.15,3.20%,
12/10/2020,"15,037.60",-2.20%,-0.02,-2.2,"1,831.50",-0.06,0.00,-0.06,"3,668.10",-0.13%,4.774771,3.67%,4586.7,-2.35%,
12/11/2020,"14,893.30",-0.96%,-0.01,-0.96,"1,826.80",0.34,0.00,0.34,"3,663.46",-0.13%,4.644046,-2.74%,4483.4,-2.25%,
12/12/2020,"15,545.50",4.38%,0.04,4.38,,0.00,,0.00,,,4.609147,-0.75%,4468.6,-0.33%,
12/13/2020,"15,786.60",1.55%,0.02,1.55,,0.00,,0.00,,,4.673265,1.39%,4607.88,3.12%,
12/14/2020,"15,864.10",0.49%,0.00,0.49,"1,820.00",-0.62,-0.01,-0.62,"3,647.49",-0.44%,4.755949,1.77%,4556.86,-1.11%,
12/15/2020,"15,997.50",0.84%,0.01,0.84,"1,828.50",1.27,0.01,1.27,"3,694.62",1.29%,4.776917,0.44%,4497.26,-1.31%,
12/16/2020,"17,506.40",9.43%,0.09,9.43,"1,848.20",0.20,0.00,0.20,"3,701.17",0.18%,4.737698,-0.82%,5100.98,13.42%,
12/17/2020,"18,598.00",6.24%,0.06,6.24,"1,865.90",1.68,0.02,1.68,"3,722.48",0.58%,5.140738,8.51%,5241.58,2.76%,
12/18/2020,"18,872.00",1.47%,0.01,1.47,"1,881.90",-0.08,0.00,-0.08,"3,709.41",-0.35%,5.318467,3.46%,5336.03,1.80%,
12/19/2020,"19,403.90",2.82%,0.03,2.82,,0.00,,0.00,,,5.328134,0.18%,5414.6,1.47%,
12/20/2020,"19,203.30",-1.03%,-0.01,-1.03,,0.00,,0.00,,,5.429048,1.89%,5304.29,-2.04%,
12/21/2020,"18,592.00",-3.18%,-0.03,-3.18,"1,859.00",-0.32,0.00,-0.32,"3,694.92",-0.39%,5.266448,-3.00%,4983.19,-6.05%,
12/22/2020,"19,535.70",5.08%,0.05,5.08,"1,863.70",-0.66,-0.01,-0.66,"3,687.26",-0.21%,5.126019,-2.67%,4966.5,-0.33%,
12/23/2020,"19,091.70",-2.27%,-0.02,-2.27,"1,860.90",0.42,0.00,0.42,"3,690.01",0.07%,5.10975,-0.32%,4159.19,-16.26%,
12/24/2020,"19,479.50",2.03%,0.02,2.03,"1,873.10",0.27,0.00,0.27,"3,703.06",0.35%,4.576007,-10.45%,4563.04,9.71%,
12/25/2020,"20,229.40",3.85%,0.04,3.85,,0.00,,0.00,,,4.892582,6.92%,4684.38,2.66%,
12/26/2020,"21,648.20",7.01%,0.07,7.01,,0.00,,0.00,,,4.943649,1.04%,4746.95,1.34%,
12/27/2020,"21,360.50",-1.33%,-0.01,-1.33,,0.00,,0.00,,,5.06067,2.37%,4800.01,1.12%,
12/28/2020,"22,133.50",3.62%,0.04,3.62,"1,873.00",-0.15,0.00,-0.15,"3,735.36",0.87%,5.173456,2.23%,4870.9,1.48%,
12/29/2020,"22,333.60",0.90%,0.01,0.9,"1,875.60",0.13,0.00,0.13,"3,727.04",-0.22%,5.396567,4.31%,4794.49,-1.57%,
12/30/2020,"23,481.30",5.14%,0.05,5.14,"1,879.50",0.56,0.01,0.56,"3,732.04",0.13%,5.381176,-0.29%,4902.1,2.24%,
12/31/2020,"23,681.90",0.85%,0.01,0.85,"1,889.10",0.09,0.00,0.09,"3,756.07",0.64%,5.497647,2.16%,4850.08,-1.06%,
1/1/2021,"24,035.60",1.49%,0.01,1.49,"1,901.60",0.34,0.00,0.34,,,5.549117,0.94%,4877.89,0.57%,
1/2/2021,"25,930.10",7.88%,0.08,7.88,,0.00,,0.00,,,5.554798,0.10%,5184.21,6.28%,
1/3/2021,"26,013.80",0.32%,0.00,0.32,,0.00,,0.00,,,5.775749,3.98%,5967.14,15.10%,
1/4/2021,"26,105.20",0.35%,0.00,0.35,"1,906.10",2.37,0.02,2.37,"3,700.65",-1.48%,6.402525,10.85%,6018.12,0.85%,
1/5/2021,"27,638.80",5.87%,0.06,5.87,"1,938.40",0.40,0.00,0.40,"3,726.86",0.71%,6.643146,3.76%,6351.76,5.54%,
1/6/2021,"29,820.40",7.89%,0.08,7.89,"1,902.60",-2.34,-0.02,-2.34,"3,748.14",0.57%,7.286299,9.68%,7261.44,14.32%,
1/7/2021,"32,006.00",7.33%,0.07,7.33,"1,907.50",0.26,0.00,0.26,"3,803.79",1.48%,8.057765,10.59%,7306.21,0.62%,
1/8/2021,"33,099.70",3.42%,0.03,3.42,"1,827.80",-4.09,-0.04,-4.09,"3,824.68",0.55%,8.295908,2.96%,7297.39,-0.12%,
1/9/2021,"32,369.90",-2.20%,-0.02,-2.2,,0.00,,0.00,,,8.262503,-0.40%,7815.76,7.10%,
1/10/2021,"31,026.20",-4.15%,-0.04,-4.15,,0.00,,0.00,,,8.569197,3.71%,7626.86,-2.42%,
1/11/2021,"29,107.50",-6.18%,-0.06,-6.18,"1,817.10",0.84,0.01,0.84,"3,799.61",-0.66%,8.313849,-2.98%,6623.08,-13.16%,
1/12/2021,"27,928.40",-4.05%,-0.04,-4.05,"1,835.80",-0.36,0.00,-0.36,"3,801.19",0.04%,7.348896,-11.61%,6417.02,-3.11%,
1/13/2021,"30,737.00",10.06%,0.10,10.06,"1,841.60",0.58,0.01,0.58,"3,809.84",0.23%,7.318399,-0.41%,7016.57,9.34%,
1/14/2021,"32,215.50",4.81%,0.05,4.81,"1,826.60",-0.19,0.00,-0.19,"3,795.54",-0.38%,7.961185,8.78%,7377.4,5.14%,
1/15/2021,"30,502.40",-5.32%,-0.05,-5.32,"1,822.10",-1.16,-0.01,-1.16,"3,768.25",-0.72%,8.26477,3.81%,6941.98,-5.90%,
1/16/2021,"29,823.80",-2.22%,-0.02,-2.22,,0.00,,0.00,,,8.213937,-0.62%,7029.07,1.25%,
1/17/2021,"29,632.00",-0.64%,-0.01,-0.64,"1,803.60",-1.10,-0.01,-1.10,,,8.656492,5.39%,7025.79,-0.05%,
1/18/2021,"30,290.10",2.22%,0.02,2.22,"1,809.65",1.48,0.01,1.48,,,9.032447,4.34%,7253.1,3.24%,
1/19/2021,"29,641.20",-2.14%,-0.02,-2.14,"1,800.80",0.20,0.00,0.20,"3,798.91",0.81%,8.898496,-1.48%,7387.57,1.85%,
1/20/2021,"29,298.10",-1.16%,-0.01,-1.16,"1,831.10",1.43,0.01,1.43,"3,851.85",1.39%,9.228103,3.70%,7327.76,-0.81%,
1/21/2021,"25,353.40",-13.46%,-0.13,-13.46,"1,857.50",-0.03,0.00,-0.03,"3,853.07",0.03%,8.905793,-3.49%,6162.96,-15.90%,
1/22/2021,"27,133.30",7.02%,0.07,7.02,"1,836.30",-0.52,-0.01,-0.52,"3,841.47",-0.30%,7.642128,-14.19%,6656.21,8.00%,
1/23/2021,"26,385.60",-2.76%,-0.03,-2.76,,0.00,,0.00,,,8.336962,9.09%,6587.41,-1.03%,
1/24/2021,"26,522.70",0.52%,0.01,0.52,,0.00,,0.00,,,8.53979,2.43%,6925.75,5.14%,
1/25/2021,"26,615.20",0.35%,0.00,0.35,"1,850.00",0.15,0.00,0.15,"3,855.36",0.36%,8.790107,2.93%,6716.71,-3.02%,
1/26/2021,"26,734.20",0.45%,0.00,0.45,"1,851.10",-0.23,0.00,-0.23,"3,849.62",-0.15%,8.653711,-1.55%,6786.97,1.05%,
1/27/2021,"25,153.70",-5.91%,-0.06,-5.91,"1,832.40",-0.32,0.00,-0.32,"3,750.77",-2.57%,8.68131,0.32%,6178.85,-8.96%,
1/28/2021,"27,542.50",9.50%,0.10,9.5,"1,835.60",-0.42,0.00,-0.42,"3,787.38",0.98%,8.030758,-7.49%,6787.11,9.84%,
1/29/2021,"28,294.50",2.73%,0.03,2.73,"1,841.20",0.49,0.00,0.49,"3,714.24",-1.93%,8.786275,9.41%,6917.47,1.92%,
1/30/2021,"28,266.60",-0.10%,0.00,-0.1,,0.00,,0.00,,,8.928529,1.62%,7027.57,1.59%,
1/31/2021,"27,355.50",-3.22%,-0.03,-3.22,,0.00,,0.00,,,9.333497,4.54%,6733.59,-4.18%,
2/1/2021,"27,796.70",1.61%,0.02,1.61,"1,851.70",0.74,0.01,0.74,"3,773.86",1.61%,9.354319,0.22%,6957.88,3.33%,
2/2/2021,"29,482.00",6.06%,0.06,6.06,"1,830.40",-1.64,-0.02,-1.64,"3,826.31",1.39%,9.950205,6.37%,7458.95,7.20%,
2/3/2021,"31,266.70",6.05%,0.06,6.05,"1,830.10",0.09,0.00,0.09,"3,830.17",0.10%,10.674584,7.28%,7998.39,7.23%,
2/4/2021,"30,933.70",-1.06%,-0.01,-1.06,"1,784.60",-2.39,-0.02,-2.39,"3,871.74",1.09%,11.147506,4.43%,7632.38,-4.58%,
2/5/2021,"31,825.50",2.88%,0.03,2.88,"1,792.20",1.22,0.01,1.22,"3,886.83",0.39%,11.193649,0.41%,8131.02,6.53%,
2/6/2021,"32,617.50",2.49%,0.02,2.49,,0.00,,0.00,,,12.325339,10.11%,8199.34,0.84%,
2/7/2021,"32,298.10",-0.98%,-0.01,-0.98,,0.00,,0.00,,,12.787909,3.75%,8020.39,-2.18%,
2/8/2021,"38,523.70",19.28%,0.19,19.28,"1,807.30",1.17,0.01,1.17,"3,915.59",0.74%,12.579705,-1.63%,8865.26,10.53%,
2/9/2021,"38,407.10",-0.30%,0.00,-0.3,"1,830.30",0.18,0.00,0.18,"3,911.23",-0.11%,13.508704,7.38%,9116.29,2.83%,
2/10/2021,"37,032.00",-3.58%,-0.04,-3.58,"1,834.00",0.28,0.00,0.28,"3,909.88",-0.03%,14.137124,4.65%,8997.09,-1.31%,
2/11/2021,"39,548.00",6.79%,0.07,6.79,"1,821.70",-0.86,-0.01,-0.86,"3,916.38",0.17%,15.589528,10.27%,9461.75,5.16%,
2/12/2021,"39,156.80",-0.99%,-0.01,-0.99,"1,810.10",-0.20,0.00,-0.20,"3,934.83",0.47%,17.751774,13.87%,9959.66,5.26%,
2/13/2021,"39,057.50",-0.25%,0.00,-0.25,,0.00,,0.00,,,19.243998,8.41%,10506.6,5.49%,
2/14/2021,"40,205.60",2.94%,0.03,2.94,"1,820.15",-0.12,0.00,-0.12,,,19.426892,0.95%,10405.2,-0.97%,
2/15/2021,"39,570.30",-1.58%,-0.02,-1.58,"1,815.60",-0.13,0.00,-0.13,,,18.909581,-2.66%,10210,-1.88%,
2/16/2021,"40,677.80",2.80%,0.03,2.8,"1,788.10",-1.09,-0.01,-1.09,"3,932.59",-0.06%,18.517605,-2.07%,10240.3,0.30%,
2/17/2021,"43,292.30",6.43%,0.06,6.43,"1,767.90",-1.46,-0.01,-1.46,"3,931.33",-0.03%,18.151492,-1.98%,10793.7,5.40%,
2/18/2021,"42,740.50",-1.27%,-0.01,-1.27,"1,766.60",0.12,0.00,0.12,"3,913.97",-0.44%,18.686547,2.95%,10799.6,0.05%,
2/19/2021,"46,108.70",7.88%,0.08,7.88,"1,759.00",0.14,0.00,0.14,"3,906.71",-0.19%,19.235571,2.94%,11204.7,3.75%,
2/20/2021,"46,261.40",0.33%,0.00,0.33,,0.00,,0.00,,,19.525569,1.51%,10865.3,-3.03%,
2/21/2021,"47,427.40",2.52%,0.03,2.52,,0.00,,0.00,,,20.828996,6.68%,11057.9,1.77%,
2/22/2021,"44,570.20",-6.02%,-0.06,-6.02,"1,778.60",1.74,0.02,1.74,"3,876.50",-0.77%,20.65966,-0.81%,10176.3,-7.97%,
2/23/2021,"40,253.90",-9.68%,-0.10,-9.68,"1,794.50",-0.14,0.00,-0.14,"3,881.37",0.13%,19.673025,-4.78%,8843.65,-13.10%,
2/24/2021,"40,915.10",1.64%,0.02,1.64,"1,782.20",-0.44,0.00,-0.44,"3,925.43",1.14%,16.704746,-15.09%,9079.82,2.67%,
2/25/2021,"38,797.10",-5.18%,-0.05,-5.18,"1,763.90",-1.25,-0.01,-1.25,"3,829.34",-2.45%,17.833593,6.76%,8543.09,-5.91%,
2/26/2021,"38,480.50",-0.82%,-0.01,-0.82,"1,714.90",-2.62,-0.03,-2.62,"3,811.15",-0.48%,17.799594,-0.19%,8392.14,-1.77%,
2/27/2021,"38,358.80",-0.32%,0.00,-0.32,,0.00,,0.00,,,17.963089,0.92%,8532.18,1.67%,
2/28/2021,"37,385.00",-2.54%,-0.03,-2.54,,0.00,,0.00,,,18.879716,5.10%,8214.83,-3.72%,
3/1/2021,"41,224.50",10.27%,0.10,10.27,"1,717.20",-0.34,0.00,-0.34,"3,901.82",2.38%,18.351412,-2.80%,8935.8,8.78%,
3/2/2021,"40,153.40",-2.60%,-0.03,-2.6,"1,704.60",0.62,0.01,0.62,"3,870.29",-0.81%,19.637481,7.01%,8768.53,-1.87%,
3/3/2021,"41,923.30",4.41%,0.04,4.41,"1,699.40",-1.03,-0.01,-1.03,"3,819.72",-1.31%,18.880066,-3.86%,9087.67,3.64%,
3/4/2021,"40,493.40",-3.41%,-0.03,-3.41,"1,687.60",-0.88,-0.01,-0.88,"3,768.47",-1.34%,19.802682,4.89%,8812.41,-3.03%,
3/5/2021,"40,926.70",1.07%,0.01,1.07,"1,683.00",-0.13,0.00,-0.13,"3,841.94",1.95%,18.534644,-6.40%,8780.61,-0.36%,
3/6/2021,"41,019.10",0.23%,0.00,0.23,,0.00,,0.00,,,19.1693,3.42%,9014.59,2.66%,
3/7/2021,"42,709.90",4.12%,0.04,4.12,,0.00,,0.00,,,18.900933,-1.40%,9375.7,4.01%,
3/8/2021,"44,115.20",3.29%,0.03,3.29,"1,673.30",-1.21,-0.01,-1.21,"3,821.35",-0.54%,19.080252,0.95%,9681.22,3.26%,
3/9/2021,"46,142.20",4.59%,0.05,4.59,"1,676.70",2.32,0.02,2.32,"3,875.44",1.42%,19.648582,2.98%,10047.5,3.78%,
3/10/2021,"46,888.20",1.62%,0.02,1.62,"1,705.60",0.29,0.00,0.29,"3,898.81",0.60%,21.029522,7.03%,9871.7,-1.75%,
3/11/2021,"45,687.00",-2.56%,-0.03,-2.56,"1,721.70",0.79,0.01,0.79,"3,939.34",1.04%,20.277433,-3.58%,10034.3,1.65%,
3/12/2021,"47,804.60",-0.83%,-0.01,-0.83,"1,719.80",-0.16,0.00,-0.16,"3,943.34",0.10%,19.5931,-3.37%,9981.41,-0.53%,
3/13/2021,"50,225.80",5.06%,0.05,5.06,,0.00,,0.00,,,18.49306,-5.61%,10667.1,6.87%,
3/14/2021,"49,345.80",-1.75%,-0.02,-1.75,,0.00,,0.00,,,19.1645,3.63%,10183.2,-4.54%,
3/15/2021,"46,740.50",-5.28%,-0.05,-5.28,"1,729.20",0.55,0.01,0.55,"3,968.94",0.65%,19.07098,-0.49%,9733.8,-4.41%,
3/16/2021,"47,793.00",2.25%,0.02,2.25,"1,730.90",0.10,0.00,0.10,"3,962.71",-0.16%,18.3933,-3.55%,9865.06,1.35%,
3/17/2021,"49,139.50",2.82%,0.03,2.82,"1,727.10",-0.22,0.00,-0.22,"3,974.12",0.29%,19.619,6.66%,10079.9,2.18%,
3/18/2021,"48,439.90",-1.42%,-0.01,-1.42,"1,732.50",0.31,0.00,0.31,"3,915.46",-1.48%,21.12226,7.66%,9830.84,-2.47%,
3/19/2021,"48,861.80",0.87%,0.01,0.87,"1,741.70",0.53,0.01,0.53,"3,913.10",-0.06%,20.3081,-3.85%,9933.76,1.05%,
3/20/2021,"48,831.80",-0.06%,0.00,-0.06,,0.00,,0.00,,,20.798417,2.41%,9933.76,1.05%,
3/21/2021,48866.9,0.04%,0.00,0.04,,57.00,0.57,57.00,,,20.76,0.00%,9999.58,1.72%,1743.5
3/22/2021,48332.4,-1.09%,-0.01,-1.09,,-0.36,0.00,-0.36,3916.48,0.09%,20.28,-0.02%,9822.17,-1.77%,1737.25
3/23/2021,45445.6,-5.97%,-0.06,-5.97,,0.09,0.00,0.09,3934.7,0.47%,19.15,-0.06%,9341.75,-4.89%,1738.75
3/24/2021,45954.7,1.12%,0.01,1.12,,-0.74,-0.01,-0.74,3925.5,-0.23%,18.95,-0.01%,9337.54,-0.05%,1725.95
,,,,,,,,,,,,,,,
,,,,,,,,,,,,,,,
,,,,,,,,,,,,,,,
,,,,,,,,,,,,,,,
,,,,,,,,,,,,,,,
,,,,,,,,,,,,,,,
,,,,,,,,,,,,,,,
,,,,,,,,,,,,,,,
,,,,,,,,,,,,,,,
,,,,,,,,,,,,,,,
,,,,,,,,,,,,,,,
,,,,,,,,,,,,,,,
,,,,,,,,,,,,,,,
,,,,,,,,,,,,,,,
,,,,,,,,,,,,,9341.75,,
